product_name,line_name,line_type,unit,unit_cost,quantity,line_cost,source_file,source_sheet,source_row
GREEN PEPPERCORN BRISKET 280GR,BRISKET,Ingredient,KG,110.98,10.0,1109.8,Handcrafted Costing,GREEN PEPPERCORN BRISKET,7
GREEN PEPPERCORN BRISKET 280GR,PUFF PASTRY,Ingredient,KG,12.73,1.0,12.73,Handcrafted Costing,GREEN PEPPERCORN BRISKET,8
GREEN PEPPERCORN BRISKET 280GR,BEEF GOULASH,Ingredient,KG,95.98,4.0,383.92,Handcrafted Costing,GREEN PEPPERCORN BRISKET,9
GREEN PEPPERCORN BRISKET 280GR,SALT,Ingredient,KG,7.7,0.02,0.154,Handcrafted Costing,GREEN PEPPERCORN BRISKET,10
GREEN PEPPERCORN BRISKET 280GR,FROZEN MIX PEPPERS,Ingredient,KG,42.98,1.0,42.98,Handcrafted Costing,GREEN PEPPERCORN BRISKET,11
GREEN PEPPERCORN BRISKET 280GR,FROZEN ONIONS,Ingredient,KG,16.98,1.0,16.98,Handcrafted Costing,GREEN PEPPERCORN BRISKET,12
GREEN PEPPERCORN BRISKET 280GR,POTATOES,Ingredient,KG,9.0,10.0,90.0,Handcrafted Costing,GREEN PEPPERCORN BRISKET,13
GREEN PEPPERCORN BRISKET 280GR,PEPPER STEAK SPICE,Ingredient,KG,55.98,0.27,15.1146,Handcrafted Costing,GREEN PEPPERCORN BRISKET,14
GREEN PEPPERCORN BRISKET 280GR,GARLIC,Ingredient,KG,34.95,0.4,13.980000000000002,Handcrafted Costing,GREEN PEPPERCORN BRISKET,15
GREEN PEPPERCORN BRISKET 280GR,BEEF STOCK POWDER,Ingredient,KG,49.95,0.2,9.990000000000002,Handcrafted Costing,GREEN PEPPERCORN BRISKET,16
GREEN PEPPERCORN BRISKET 280GR,MIXED HERBS,Ingredient,KG,47.64,0.005,0.2382,Handcrafted Costing,GREEN PEPPERCORN BRISKET,17
GREEN PEPPERCORN BRISKET 280GR,DRIED THYME,Ingredient,KG,76.98,0.005,0.3849,Handcrafted Costing,GREEN PEPPERCORN BRISKET,18
GREEN PEPPERCORN BRISKET 280GR,DRIED PARSLEY,Ingredient,KG,43.82,0.005,0.21910000000000002,Handcrafted Costing,GREEN PEPPERCORN BRISKET,19
GREEN PEPPERCORN BRISKET 280GR,MODI STARCH,Ingredient,KG,27.95,0.15,4.1925,Handcrafted Costing,GREEN PEPPERCORN BRISKET,20
GREEN PEPPERCORN BRISKET 280GR,FLOUR,Ingredient,KG,12.98,0.05,0.649,Handcrafted Costing,GREEN PEPPERCORN BRISKET,21
GREEN PEPPERCORN BRISKET 280GR,FOLIEEN SHEETS,Ingredient,EACH,0.14,44.0,6.16,Handcrafted Costing,GREEN PEPPERCORN BRISKET,22
GREEN PEPPERCORN BRISKET 280GR,OIL,Ingredient,LT,34.95,0.5,17.475,Handcrafted Costing,GREEN PEPPERCORN BRISKET,23
GREEN PEPPERCORN BRISKET 280GR,BOX,Ingredient,EACH,12.98,24.0,311.52,Handcrafted Costing,GREEN PEPPERCORN BRISKET,24
GREEN PEPPERCORN BRISKET 280GR,EGGS,Ingredient,EACH,2.29,3.0,6.87,Handcrafted Costing,GREEN PEPPERCORN BRISKET,25
GREEN PEPPERCORN BRISKET 280GR,MILK,Ingredient,LT,24.333,2.0,48.666,Handcrafted Costing,GREEN PEPPERCORN BRISKET,26
GREEN PEPPERCORN BRISKET 280GR,FOIL BAKKIE,Ingredient,EACH,0.89,200.0,178.0,Handcrafted Costing,GREEN PEPPERCORN BRISKET,27
GREEN PEPPERCORN BRISKET 280GR,TAPE,Ingredient,EACH,17.5,1.0,17.5,Handcrafted Costing,GREEN PEPPERCORN BRISKET,28
GREEN PEPPERCORN BRISKET 280GR,HALAL STICKER,Ingredient,EACH,0.08,12.0,0.96,Handcrafted Costing,GREEN PEPPERCORN BRISKET,29
GREEN PEPPERCORN BRISKET 280GR,LABEL,Ingredient,EACH,0.32,25.0,8.0,Handcrafted Costing,GREEN PEPPERCORN BRISKET,30
CONFIT CHICKEN AND MUSHROOM 280GR,CHICKEN FILLETS,Ingredient,KG,34.95,14.0,489.30000000000007,Handcrafted Costing,GOURMET PIES CONFIT CHICKEN AND,7
CONFIT CHICKEN AND MUSHROOM 280GR,PUFF PASTRY,Ingredient,KG,12.73,20.15,256.5095,Handcrafted Costing,GOURMET PIES CONFIT CHICKEN AND,8
CONFIT CHICKEN AND MUSHROOM 280GR,FROZEN MUSHROOMS,Ingredient,KG,34.98,5.0,174.89999999999998,Handcrafted Costing,GOURMET PIES CONFIT CHICKEN AND,9
CONFIT CHICKEN AND MUSHROOM 280GR,FROZEN MIX PEPPERS,Ingredient,KG,34.95,5.0,174.75,Handcrafted Costing,GOURMET PIES CONFIT CHICKEN AND,10
CONFIT CHICKEN AND MUSHROOM 280GR,FROZEN ONIONS,Ingredient,KG,21.0,5.0,105.0,Handcrafted Costing,GOURMET PIES CONFIT CHICKEN AND,11
CONFIT CHICKEN AND MUSHROOM 280GR,POTATOES,Ingredient,KG,9.9,8.0,79.2,Handcrafted Costing,GOURMET PIES CONFIT CHICKEN AND,12
CONFIT CHICKEN AND MUSHROOM 280GR,CHICKEN SPICE,Ingredient,KG,61.98,0.3,18.593999999999998,Handcrafted Costing,GOURMET PIES CONFIT CHICKEN AND,13
CONFIT CHICKEN AND MUSHROOM 280GR,GARLIC,Ingredient,KG,34.95,0.4,13.980000000000002,Handcrafted Costing,GOURMET PIES CONFIT CHICKEN AND,14
CONFIT CHICKEN AND MUSHROOM 280GR,ROMI MARG,Ingredient,KG,22.29,5.0,111.44999999999999,Handcrafted Costing,GOURMET PIES CONFIT CHICKEN AND,15
CONFIT CHICKEN AND MUSHROOM 280GR,MIXED HERBS,Ingredient,KG,47.64,0.005,0.2382,Handcrafted Costing,GOURMET PIES CONFIT CHICKEN AND,16
CONFIT CHICKEN AND MUSHROOM 280GR,DRIED THYME,Ingredient,KG,76.98,0.005,0.3849,Handcrafted Costing,GOURMET PIES CONFIT CHICKEN AND,17
CONFIT CHICKEN AND MUSHROOM 280GR,DRIED PARSLEY,Ingredient,KG,43.82,0.005,0.21910000000000002,Handcrafted Costing,GOURMET PIES CONFIT CHICKEN AND,18
CONFIT CHICKEN AND MUSHROOM 280GR,MODI STARCH,Ingredient,KG,27.95,0.15,4.1925,Handcrafted Costing,GOURMET PIES CONFIT CHICKEN AND,19
CONFIT CHICKEN AND MUSHROOM 280GR,FLOUR,Ingredient,KG,12.98,0.05,0.649,Handcrafted Costing,GOURMET PIES CONFIT CHICKEN AND,20
CONFIT CHICKEN AND MUSHROOM 280GR,FOLIEEN SHEETS,Ingredient,EACH,0.14,38.0,5.32,Handcrafted Costing,GOURMET PIES CONFIT CHICKEN AND,21
CONFIT CHICKEN AND MUSHROOM 280GR,OIL,Ingredient,LT,34.95,0.4,13.980000000000002,Handcrafted Costing,GOURMET PIES CONFIT CHICKEN AND,22
CONFIT CHICKEN AND MUSHROOM 280GR,BOX,Ingredient,EACH,12.98,10.0,129.8,Handcrafted Costing,GOURMET PIES CONFIT CHICKEN AND,23
CONFIT CHICKEN AND MUSHROOM 280GR,EGGS,Ingredient,EACH,29.98,2.0,59.96,Handcrafted Costing,GOURMET PIES CONFIT CHICKEN AND,24
CONFIT CHICKEN AND MUSHROOM 280GR,MILK,Ingredient,LT,24.333,0.2,4.8666,Handcrafted Costing,GOURMET PIES CONFIT CHICKEN AND,25
CONFIT CHICKEN AND MUSHROOM 280GR,FOIL BAKKIE,Ingredient,EACH,0.89,156.0,138.84,Handcrafted Costing,GOURMET PIES CONFIT CHICKEN AND,26
CONFIT CHICKEN AND MUSHROOM 280GR,TAPE,Ingredient,EACH,17.5,1.0,17.5,Handcrafted Costing,GOURMET PIES CONFIT CHICKEN AND,27
CONFIT CHICKEN AND MUSHROOM 280GR,HALAL STICKER,Ingredient,EACH,0.08,10.0,0.8,Handcrafted Costing,GOURMET PIES CONFIT CHICKEN AND,28
CONFIT CHICKEN AND MUSHROOM 280GR,LABEL,Ingredient,EACH,0.32,20.0,6.4,Handcrafted Costing,GOURMET PIES CONFIT CHICKEN AND,29
280GR,LEAN MINCE,Ingredient,KG,89.95,10.0,899.5,Handcrafted Costing,BOBOTI,7
280GR,OSTRICH MINCE,Ingredient,KG,59.95,10.0,599.5,Handcrafted Costing,BOBOTI,8
280GR,PUFF PASTRY,Ingredient,KG,12.73,45.0,572.85,Handcrafted Costing,BOBOTI,9
280GR,SALT,Ingredient,KG,7.7,0.04,0.308,Handcrafted Costing,BOBOTI,10
280GR,BAY LEAVES,Ingredient,KG,75.0,0.005,0.375,Handcrafted Costing,BOBOTI,11
280GR,BEEF STOCK,Ingredient,KG,49.95,0.3,14.985,Handcrafted Costing,BOBOTI,12
280GR,FROZEN ONIONS,Ingredient,KG,16.98,5.0,84.9,Handcrafted Costing,BOBOTI,13
280GR,POTATOES,Ingredient,KG,9.0,5.0,45.0,Handcrafted Costing,BOBOTI,14
280GR,WHITE SUGAR,Ingredient,KG,21.27,0.44,9.3588,Handcrafted Costing,BOBOTI,15
280GR,CURRY MILD,Ingredient,KG,49.95,0.1,4.995000000000001,Handcrafted Costing,BOBOTI,16
280GR,GARLIC,Ingredient,KG,34.95,0.2,6.990000000000001,Handcrafted Costing,BOBOTI,17
280GR,RAJAH POWDER,Ingredient,KG,123.0,0.22,27.06,Handcrafted Costing,BOBOTI,18
280GR,MIXED HERBS,Ingredient,KG,47.64,0.005,0.2382,Handcrafted Costing,BOBOTI,19
280GR,DRIED THYME,Ingredient,KG,76.98,0.005,0.3849,Handcrafted Costing,BOBOTI,20
280GR,DRIED PARSLEY,Ingredient,KG,43.82,0.005,0.21910000000000002,Handcrafted Costing,BOBOTI,21
280GR,CHUTNEY,Ingredient,LT,12.53,1.0,12.53,Handcrafted Costing,BOBOTI,22
280GR,BORRIE,Ingredient,KG,43.95,0.25,10.9875,Handcrafted Costing,BOBOTI,23
280GR,CORIANDER SEEDS,Ingredient,KG,42.44,0.03,1.2731999999999999,Handcrafted Costing,BOBOTI,24
280GR,MODI STARCH,Ingredient,KG,27.0,0.1,2.7,Handcrafted Costing,BOBOTI,25
280GR,FLOUR,Ingredient,KG,12.98,0.1,1.298,Handcrafted Costing,BOBOTI,26
280GR,FOLIEEN SHEETS,Ingredient,EACH,0.14,26.0,3.6400000000000006,Handcrafted Costing,BOBOTI,27
280GR,OIL,Ingredient,LT,34.95,0.2,6.990000000000001,Handcrafted Costing,BOBOTI,28
280GR,BOX,Ingredient,EACH,12.98,13.0,168.74,Handcrafted Costing,BOBOTI,29
280GR,EGGS,Ingredient,EACH,2.95,10.0,29.5,Handcrafted Costing,BOBOTI,30
280GR,MILK,Ingredient,LT,24.333,0.5,12.1665,Handcrafted Costing,BOBOTI,31
280GR,FOIL BAKKIE,Ingredient,EACH,0.89,219.0,194.91,Handcrafted Costing,BOBOTI,32
280GR,TAPE,Ingredient,EACH,17.5,1.0,17.5,Handcrafted Costing,BOBOTI,33
280GR,HALAL STICKER,Ingredient,EACH,0.08,13.0,1.04,Handcrafted Costing,BOBOTI,34
280GR,LABEL,Ingredient,EACH,0.32,26.0,8.32,Handcrafted Costing,BOBOTI,35
CONFIT CHICKEN 280GR,CHICKEN FILLETS,Ingredient,KG,37.95,14.0,531.3000000000001,Handcrafted Costing,GOURMET PIES CONFIT CHICKEN,7
CONFIT CHICKEN 280GR,PUFF PASTRY,Ingredient,KG,12.73,20.15,256.5095,Handcrafted Costing,GOURMET PIES CONFIT CHICKEN,8
CONFIT CHICKEN 280GR,FROZEN MIX PEPPERS,Ingredient,KG,42.98,5.0,214.89999999999998,Handcrafted Costing,GOURMET PIES CONFIT CHICKEN,9
CONFIT CHICKEN 280GR,FROZEN ONIONS,Ingredient,KG,16.98,5.0,84.9,Handcrafted Costing,GOURMET PIES CONFIT CHICKEN,10
CONFIT CHICKEN 280GR,POTATOES,Ingredient,KG,9.0,8.0,72.0,Handcrafted Costing,GOURMET PIES CONFIT CHICKEN,11
CONFIT CHICKEN 280GR,CHICKEN SPICE,Ingredient,KG,61.98,0.3,18.593999999999998,Handcrafted Costing,GOURMET PIES CONFIT CHICKEN,12
CONFIT CHICKEN 280GR,GARLIC,Ingredient,KG,34.95,0.4,13.980000000000002,Handcrafted Costing,GOURMET PIES CONFIT CHICKEN,13
CONFIT CHICKEN 280GR,MIXED HERBS,Ingredient,KG,47.64,0.005,0.2382,Handcrafted Costing,GOURMET PIES CONFIT CHICKEN,14
CONFIT CHICKEN 280GR,DRIED THYME,Ingredient,KG,76.98,0.005,0.3849,Handcrafted Costing,GOURMET PIES CONFIT CHICKEN,15
CONFIT CHICKEN 280GR,DRIED PARSLEY,Ingredient,KG,43.82,0.005,0.21910000000000002,Handcrafted Costing,GOURMET PIES CONFIT CHICKEN,16
CONFIT CHICKEN 280GR,MODI STARCH,Ingredient,KG,27.95,0.15,4.1925,Handcrafted Costing,GOURMET PIES CONFIT CHICKEN,17
CONFIT CHICKEN 280GR,FLOUR,Ingredient,KG,12.98,0.05,0.649,Handcrafted Costing,GOURMET PIES CONFIT CHICKEN,18
CONFIT CHICKEN 280GR,FOLIEEN SHEETS,Ingredient,EACH,0.14,32.0,4.48,Handcrafted Costing,GOURMET PIES CONFIT CHICKEN,19
CONFIT CHICKEN 280GR,OIL,Ingredient,LT,34.95,0.4,13.980000000000002,Handcrafted Costing,GOURMET PIES CONFIT CHICKEN,20
CONFIT CHICKEN 280GR,BOX,Ingredient,EACH,12.98,8.0,103.84,Handcrafted Costing,GOURMET PIES CONFIT CHICKEN,21
CONFIT CHICKEN 280GR,EGGS,Ingredient,EACH,29.98,2.0,59.96,Handcrafted Costing,GOURMET PIES CONFIT CHICKEN,22
CONFIT CHICKEN 280GR,MILK,Ingredient,LT,24.333,0.2,4.8666,Handcrafted Costing,GOURMET PIES CONFIT CHICKEN,23
CONFIT CHICKEN 280GR,FOIL BAKKIE,Ingredient,EACH,0.89,125.0,111.25,Handcrafted Costing,GOURMET PIES CONFIT CHICKEN,24
CONFIT CHICKEN 280GR,TAPE,Ingredient,EACH,17.5,1.0,17.5,Handcrafted Costing,GOURMET PIES CONFIT CHICKEN,25
CONFIT CHICKEN 280GR,HALAL STICKER,Ingredient,EACH,0.08,8.0,0.64,Handcrafted Costing,GOURMET PIES CONFIT CHICKEN,26
CONFIT CHICKEN 280GR,LABEL,Ingredient,EACH,0.32,16.0,5.12,Handcrafted Costing,GOURMET PIES CONFIT CHICKEN,27
KAROO LAMB 280GR,MUTTON,Ingredient,KG,189.98,15.0,2849.7,Handcrafted Costing,KAROO LAMB,7
KAROO LAMB 280GR,SALT,Ingredient,KG,7.7,0.075,0.5775,Handcrafted Costing,KAROO LAMB,8
KAROO LAMB 280GR,WORSC SAUCE,Ingredient,LT,10.95,1.2,13.139999999999999,Handcrafted Costing,KAROO LAMB,9
KAROO LAMB 280GR,BEEF STOCK,Ingredient,KG,49.95,0.2,9.990000000000002,Handcrafted Costing,KAROO LAMB,10
KAROO LAMB 280GR,PUFF,Ingredient,KG,12.73,20.0,254.60000000000002,Handcrafted Costing,KAROO LAMB,11
KAROO LAMB 280GR,FROZEN ONIONS,Ingredient,KG,16.98,2.5,42.45,Handcrafted Costing,KAROO LAMB,12
KAROO LAMB 280GR,POTATOES,Ingredient,KG,9.0,15.0,135.0,Handcrafted Costing,KAROO LAMB,13
KAROO LAMB 280GR,GARLIC,Ingredient,KG,34.95,0.2,6.990000000000001,Handcrafted Costing,KAROO LAMB,14
KAROO LAMB 280GR,MIXED HERBS,Ingredient,KG,47.64,0.005,0.2382,Handcrafted Costing,KAROO LAMB,15
KAROO LAMB 280GR,DRIED THYME,Ingredient,KG,76.98,0.005,0.3849,Handcrafted Costing,KAROO LAMB,16
KAROO LAMB 280GR,DRIED PARSLEY,Ingredient,KG,43.82,0.005,0.21910000000000002,Handcrafted Costing,KAROO LAMB,17
KAROO LAMB 280GR,MODI STARCH,Ingredient,KG,27.95,0.15,4.1925,Handcrafted Costing,KAROO LAMB,18
KAROO LAMB 280GR,FLOUR,Ingredient,KG,12.98,0.05,0.649,Handcrafted Costing,KAROO LAMB,19
KAROO LAMB 280GR,FOLIEEN SHEETS,Ingredient,EACH,0.14,40.0,5.6000000000000005,Handcrafted Costing,KAROO LAMB,20
KAROO LAMB 280GR,OIL,Ingredient,LT,34.95,0.2,6.990000000000001,Handcrafted Costing,KAROO LAMB,21
KAROO LAMB 280GR,BOX,Ingredient,EACH,12.98,13.0,168.74,Handcrafted Costing,KAROO LAMB,22
KAROO LAMB 280GR,EGGS,Ingredient,EACH,2.29,2.0,4.58,Handcrafted Costing,KAROO LAMB,23
KAROO LAMB 280GR,MILK,Ingredient,LT,24.333,0.2,4.8666,Handcrafted Costing,KAROO LAMB,24
KAROO LAMB 280GR,FOIL BAKKIE,Ingredient,EACH,0.89,219.0,194.91,Handcrafted Costing,KAROO LAMB,25
KAROO LAMB 280GR,TAPE,Ingredient,EACH,17.5,1.0,17.5,Handcrafted Costing,KAROO LAMB,26
KAROO LAMB 280GR,HALAL STICKER,Ingredient,EACH,0.08,13.0,1.04,Handcrafted Costing,KAROO LAMB,27
KAROO LAMB 280GR,LABEL,Ingredient,EACH,0.32,27.0,8.64,Handcrafted Costing,KAROO LAMB,28
PEPPERSTEAK FILLING,BEEF GOULASH,Ingredient,KG,85.98,25.5,2192.4900000000002,Handcrafted Costing,PEPPERSTEAK FILLING OLD BATCH,7
PEPPERSTEAK FILLING,SPICE,Ingredient,KG,55.98,4.5,251.91,Handcrafted Costing,PEPPERSTEAK FILLING OLD BATCH,8
PEPPERSTEAK FILLING,CAKE FLOUR,Ingredient,KG,12.98,1.2,15.576,Handcrafted Costing,PEPPERSTEAK FILLING OLD BATCH,9
PEPPERSTEAK FILLING,MODI STARCH,Ingredient,KG,26.0,3.2,83.2,Handcrafted Costing,PEPPERSTEAK FILLING OLD BATCH,10
PEPPERSTEAK FILLING,PER 160GR PIE,Ingredient,2.5688646464646463,0,0,2924.6523999999995,Handcrafted Costing,PEPPERSTEAK FILLING OLD BATCH,13
PEPPERSTEAK FILLING,PER 180GR PIE,Ingredient,3.4274609164420484,0,0,381.47639999999956,Handcrafted Costing,PEPPERSTEAK FILLING OLD BATCH,14
PEPPERSTEAK FILLING,BEEF GOULASH,Ingredient,KG,95.89,25.5,2445.195,Handcrafted Costing,PEPPERSTEAK FILLING OLD BATCH,21
PEPPERSTEAK FILLING,STEAK SPICE,Ingredient,KG,61.98,4.5,278.90999999999997,Handcrafted Costing,PEPPERSTEAK FILLING OLD BATCH,22
PEPPERSTEAK FILLING,CAKE FLOUR,Ingredient,KG,12.98,1.2,15.576,Handcrafted Costing,PEPPERSTEAK FILLING OLD BATCH,23
PEPPERSTEAK FILLING,MODI STARCH,Ingredient,KG,26.0,3.2,83.2,Handcrafted Costing,PEPPERSTEAK FILLING OLD BATCH,24
PEPPERSTEAK FILLING,PER 160GR PIE,Ingredient,2.8228809999999998,0,0,3246.3131499999995,Handcrafted Costing,PEPPERSTEAK FILLING OLD BATCH,27
PEPPERSTEAK FILLING,PER 180GR PIE,Ingredient,3.763841333333333,0,0,423.43214999999964,Handcrafted Costing,PEPPERSTEAK FILLING OLD BATCH,28
PEPPERSTEAK FILLING,BEEF GOULASH,Ingredient,KG,95.89,12.75,1222.5975,Handcrafted Costing,PEPPERSTEAK FILLING OLD BATCH,35
PEPPERSTEAK FILLING,KIDNEY,Ingredient,KG,54.95,12.75,700.6125000000001,Handcrafted Costing,PEPPERSTEAK FILLING OLD BATCH,36
PEPPERSTEAK FILLING,STEAK/KIDNEY SPICE,Ingredient,KG,61.98,4.5,278.90999999999997,Handcrafted Costing,PEPPERSTEAK FILLING OLD BATCH,37
PEPPERSTEAK FILLING,CAKE FLOUR,Ingredient,KG,12.98,1.2,15.576,Handcrafted Costing,PEPPERSTEAK FILLING OLD BATCH,38
PEPPERSTEAK FILLING,MODI STARCH,Ingredient,KG,27.95,3.2,89.44,Handcrafted Costing,PEPPERSTEAK FILLING OLD BATCH,39
PEPPERSTEAK FILLING,BEEF GOULASH,Ingredient,KG,95.89,25.5,2445.195,Handcrafted Costing,PEPPERSTEAK FILLING OLD BATCH,50
PEPPERSTEAK FILLING,SPICE PACK,Ingredient,KG,74.38,4.5,334.71,Handcrafted Costing,PEPPERSTEAK FILLING OLD BATCH,51
PEPPERSTEAK FILLING,CAKE FLOUR,Ingredient,KG,12.98,1.2,15.576,Handcrafted Costing,PEPPERSTEAK FILLING OLD BATCH,52
PEPPERSTEAK FILLING,MODI STARCH,Ingredient,KG,27.95,3.2,89.44,Handcrafted Costing,PEPPERSTEAK FILLING OLD BATCH,53
PEPPERSTEAK FILLING,PER 160GR PIE,Ingredient,3.0690648936170217,0,0,3317.65915,Handcrafted Costing,PEPPERSTEAK FILLING OLD BATCH,56
PEPPERSTEAK FILLING,PER 180GR PIE,Ingredient,4.092086524822696,0,0,432.7381499999997,Handcrafted Costing,PEPPERSTEAK FILLING OLD BATCH,57
PEPPERSTEAK FILLING,CHICKEN,Ingredient,KG,37.95,25.5,967.725,Handcrafted Costing,PEPPERSTEAK FILLING OLD BATCH,64
PEPPERSTEAK FILLING,CHICKEN SPICE,Ingredient,KG,61.98,4.5,278.90999999999997,Handcrafted Costing,PEPPERSTEAK FILLING OLD BATCH,65
PEPPERSTEAK FILLING,FROZEN MUSHROOMS,Ingredient,KG,34.98,7.5,262.34999999999997,Handcrafted Costing,PEPPERSTEAK FILLING OLD BATCH,66
PEPPERSTEAK FILLING,CAKE FLOUR,Ingredient,KG,12.98,1.2,15.576,Handcrafted Costing,PEPPERSTEAK FILLING OLD BATCH,67
PEPPERSTEAK FILLING,MODI STARCH,Ingredient,KG,26.0,3.2,83.2,Handcrafted Costing,PEPPERSTEAK FILLING OLD BATCH,68
PEPPERSTEAK FILLING,PER 160GR PIE,Ingredient,1.607761,0,0,1848.9251499999998,Handcrafted Costing,PEPPERSTEAK FILLING OLD BATCH,71
PEPPERSTEAK FILLING,PER 180GR PIE,Ingredient,2.1436813333333333,0,0,241.16414999999984,Handcrafted Costing,PEPPERSTEAK FILLING OLD BATCH,72
PEPPERSTEAK FILLING,CHICKEN,Ingredient,KG,37.95,25.5,967.725,Handcrafted Costing,PEPPERSTEAK FILLING OLD BATCH,79
PEPPERSTEAK FILLING,PERI PERI SPICE,Ingredient,KG,131.93,2.1,277.05300000000005,Handcrafted Costing,PEPPERSTEAK FILLING OLD BATCH,80
PEPPERSTEAK FILLING,CHICKENSPICE,Ingredient,KG,61.98,2.4,148.75199999999998,Handcrafted Costing,PEPPERSTEAK FILLING OLD BATCH,81
PEPPERSTEAK FILLING,CAKE FLOUR,Ingredient,KG,12.98,1.2,15.576,Handcrafted Costing,PEPPERSTEAK FILLING OLD BATCH,82
PEPPERSTEAK FILLING,MODI STARCH,Ingredient,KG,26.0,3.2,83.2,Handcrafted Costing,PEPPERSTEAK FILLING OLD BATCH,83
PEPPERSTEAK FILLING,PER 160GR PIE,Ingredient,1.741313885647608,0,0,1716.1518999999998,Handcrafted Costing,PEPPERSTEAK FILLING OLD BATCH,86
PEPPERSTEAK FILLING,PER 180GR PIE,Ingredient,2.2373403298350825,0,0,223.8458999999998,Handcrafted Costing,PEPPERSTEAK FILLING OLD BATCH,87
PEPPERSTEAK FILLING,SPINACH,Ingredient,KG,34.98,10.0,349.79999999999995,Handcrafted Costing,PEPPERSTEAK FILLING OLD BATCH,93
PEPPERSTEAK FILLING,FROZEN ONIONS,Ingredient,KG,21.0,2.5,52.5,Handcrafted Costing,PEPPERSTEAK FILLING OLD BATCH,94
PEPPERSTEAK FILLING,VEG SPICE,Ingredient,KG,49.95,0.25,12.4875,Handcrafted Costing,PEPPERSTEAK FILLING OLD BATCH,95
PEPPERSTEAK FILLING,FETA,Ingredient,KG,59.0,1.5,88.5,Handcrafted Costing,PEPPERSTEAK FILLING OLD BATCH,96
PEPPERSTEAK FILLING,CAKE FLOUR,Ingredient,KG,12.98,0.25,3.245,Handcrafted Costing,PEPPERSTEAK FILLING OLD BATCH,97
PEPPERSTEAK FILLING,MILK,Ingredient,LT,27.95,1.0,27.95,Handcrafted Costing,PEPPERSTEAK FILLING OLD BATCH,98
PEPPERSTEAK FILLING,MODI STARCH,Ingredient,KG,26.0,0.75,19.5,Handcrafted Costing,PEPPERSTEAK FILLING OLD BATCH,99
PEPPERSTEAK FILLING,PER 160GR PIE,Ingredient,2.2159299999999997,0,0,637.0798749999999,Handcrafted Costing,PEPPERSTEAK FILLING OLD BATCH,102
PEPPERSTEAK FILLING,PER 180GR PIE,Ingredient,4.014365942028985,0,0,83.09737499999994,Handcrafted Costing,PEPPERSTEAK FILLING OLD BATCH,103
PEPPER STEAK PIE 160G,PIE FILLING,Ingredient,KG,42.5,0.06,2.57,Handcrafted Costing,TASTI CHEF PIES 160GR,7
PEPPER STEAK PIE 160G,PUFF PASTRY,Ingredient,KG,12.73,0.1,1.2730000000000001,Handcrafted Costing,TASTI CHEF PIES 160GR,8
PEPPER STEAK PIE 160G,EGG,Ingredient,EACH,3.0,0.05,0.15000000000000002,Handcrafted Costing,TASTI CHEF PIES 160GR,9
PEPPER STEAK PIE 160G,FOLIEEN SHEET,Ingredient,EACH,0.14,0.042,0.005880000000000001,Handcrafted Costing,TASTI CHEF PIES 160GR,10
PEPPER STEAK PIE 160G,TAPE,Ingredient,EACH,17.5,0.005,0.08750000000000001,Handcrafted Costing,TASTI CHEF PIES 160GR,11
PEPPER STEAK PIE 160G,HALAL STICKER,Ingredient,EACH,0.08,0.042,0.00336,Handcrafted Costing,TASTI CHEF PIES 160GR,12
PEPPER STEAK PIE 160G,LABEL,Ingredient,EACH,0.32,0.083,0.02656,Handcrafted Costing,TASTI CHEF PIES 160GR,13
PEPPER STEAK PIE 160G,BOX,Ingredient,EACH,12.98,0.042,0.5451600000000001,Handcrafted Costing,TASTI CHEF PIES 160GR,14
PEPPER STEAK PIE 160G,MILK,Ingredient,LT,24.5,0.005,0.1225,Handcrafted Costing,TASTI CHEF PIES 160GR,15
PEPPER STEAK PIE 160G,PIE FILLING,Ingredient,KG,36.35,0.06,2.181,Handcrafted Costing,TASTI CHEF PIES 160GR,27
PEPPER STEAK PIE 160G,PUFF PASTRY,Ingredient,KG,12.73,0.1,1.2730000000000001,Handcrafted Costing,TASTI CHEF PIES 160GR,28
PEPPER STEAK PIE 160G,EGG,Ingredient,EACH,3.0,0.094,0.28200000000000003,Handcrafted Costing,TASTI CHEF PIES 160GR,29
PEPPER STEAK PIE 160G,FOLIEEN SHEET,Ingredient,EACH,0.14,0.042,0.005880000000000001,Handcrafted Costing,TASTI CHEF PIES 160GR,30
PEPPER STEAK PIE 160G,TAPE,Ingredient,EACH,17.5,0.005,0.08750000000000001,Handcrafted Costing,TASTI CHEF PIES 160GR,31
PEPPER STEAK PIE 160G,HALAL STICKER,Ingredient,EACH,0.08,0.042,0.00336,Handcrafted Costing,TASTI CHEF PIES 160GR,32
PEPPER STEAK PIE 160G,LABEL,Ingredient,EACH,0.32,0.083,0.02656,Handcrafted Costing,TASTI CHEF PIES 160GR,33
PEPPER STEAK PIE 160G,BOX,Ingredient,EACH,12.98,0.042,0.5451600000000001,Handcrafted Costing,TASTI CHEF PIES 160GR,34
PEPPER STEAK PIE 160G,MILK,Ingredient,LT,24.5,0.005,0.1225,Handcrafted Costing,TASTI CHEF PIES 160GR,35
PEPPER STEAK PIE 160G,PIE FILLING,Ingredient,KG,25.63,0.06,1.5377999999999998,Handcrafted Costing,TASTI CHEF PIES 160GR,51
PEPPER STEAK PIE 160G,PUFF PASTRY,Ingredient,KG,12.73,0.1,1.2730000000000001,Handcrafted Costing,TASTI CHEF PIES 160GR,52
PEPPER STEAK PIE 160G,EGG,Ingredient,EACH,3.0,0.094,0.28200000000000003,Handcrafted Costing,TASTI CHEF PIES 160GR,53
PEPPER STEAK PIE 160G,FOLIEEN SHEET,Ingredient,EACH,0.14,0.042,0.005880000000000001,Handcrafted Costing,TASTI CHEF PIES 160GR,54
PEPPER STEAK PIE 160G,TAPE,Ingredient,EACH,17.5,0.005,0.08750000000000001,Handcrafted Costing,TASTI CHEF PIES 160GR,55
PEPPER STEAK PIE 160G,HALAL STICKER,Ingredient,EACH,0.08,0.042,0.00336,Handcrafted Costing,TASTI CHEF PIES 160GR,56
PEPPER STEAK PIE 160G,LABEL,Ingredient,EACH,0.32,0.083,0.02656,Handcrafted Costing,TASTI CHEF PIES 160GR,57
PEPPER STEAK PIE 160G,BOX,Ingredient,EACH,12.98,0.042,0.5451600000000001,Handcrafted Costing,TASTI CHEF PIES 160GR,58
PEPPER STEAK PIE 160G,MILK,Ingredient,LT,24.5,0.005,0.1225,Handcrafted Costing,TASTI CHEF PIES 160GR,59
PEPPER STEAK PIE 160G,PIE FILLING,Ingredient,KG,36.54,0.06,2.1923999999999997,Handcrafted Costing,TASTI CHEF PIES 160GR,72
PEPPER STEAK PIE 160G,PUFF PASTRY,Ingredient,KG,12.73,0.1,1.2730000000000001,Handcrafted Costing,TASTI CHEF PIES 160GR,73
PEPPER STEAK PIE 160G,EGG,Ingredient,EACH,3.0,0.094,0.28200000000000003,Handcrafted Costing,TASTI CHEF PIES 160GR,74
PEPPER STEAK PIE 160G,FOLIEEN SHEET,Ingredient,EACH,0.14,0.042,0.005880000000000001,Handcrafted Costing,TASTI CHEF PIES 160GR,75
PEPPER STEAK PIE 160G,TAPE,Ingredient,EACH,17.5,0.005,0.08750000000000001,Handcrafted Costing,TASTI CHEF PIES 160GR,76
PEPPER STEAK PIE 160G,HALAL STICKER,Ingredient,EACH,0.08,0.042,0.00336,Handcrafted Costing,TASTI CHEF PIES 160GR,77
PEPPER STEAK PIE 160G,LABEL,Ingredient,EACH,0.32,0.083,0.02656,Handcrafted Costing,TASTI CHEF PIES 160GR,78
PEPPER STEAK PIE 160G,BOX,Ingredient,EACH,12.98,0.042,0.5451600000000001,Handcrafted Costing,TASTI CHEF PIES 160GR,79
PEPPER STEAK PIE 160G,MILK,Ingredient,LT,24.5,0.005,0.1225,Handcrafted Costing,TASTI CHEF PIES 160GR,80
PEPPER STEAK PIE 160G,MINCE,Ingredient,KG,49.5,0.06,2.9699999999999998,Handcrafted Costing,TASTI CHEF PIES 160GR,92
PEPPER STEAK PIE 160G,PUFF PASTRY,Ingredient,KG,12.73,0.1,1.2730000000000001,Handcrafted Costing,TASTI CHEF PIES 160GR,93
PEPPER STEAK PIE 160G,EGG,Ingredient,EACH,3.0,0.05,0.15000000000000002,Handcrafted Costing,TASTI CHEF PIES 160GR,94
PEPPER STEAK PIE 160G,RELISH,Ingredient,KG,10.0,0.035,0.35000000000000003,Handcrafted Costing,TASTI CHEF PIES 160GR,95
PEPPER STEAK PIE 160G,FOLIEEN SHEET,Ingredient,EACH,0.14,0.02,0.0028000000000000004,Handcrafted Costing,TASTI CHEF PIES 160GR,96
PEPPER STEAK PIE 160G,TAPE,Ingredient,EACH,17.5,0.005,0.08750000000000001,Handcrafted Costing,TASTI CHEF PIES 160GR,97
PEPPER STEAK PIE 160G,HALAL STICKER,Ingredient,EACH,0.08,0.042,0.00336,Handcrafted Costing,TASTI CHEF PIES 160GR,98
PEPPER STEAK PIE 160G,LABEL,Ingredient,EACH,0.32,0.083,0.02656,Handcrafted Costing,TASTI CHEF PIES 160GR,99
PEPPER STEAK PIE 160G,BOX,Ingredient,EACH,12.98,0.042,0.5451600000000001,Handcrafted Costing,TASTI CHEF PIES 160GR,100
PEPPER STEAK PIE 160G,MILK,Ingredient,LT,24.5,0.005,0.1225,Handcrafted Costing,TASTI CHEF PIES 160GR,101
PEPPER STEAK PIE 160G,PIE FILLING,Ingredient,KG,18.3,0.06,1.098,Handcrafted Costing,TASTI CHEF PIES 160GR,112
PEPPER STEAK PIE 160G,PUFF PASTRY,Ingredient,KG,12.73,0.1,1.2730000000000001,Handcrafted Costing,TASTI CHEF PIES 160GR,113
PEPPER STEAK PIE 160G,EGG,Ingredient,EACH,3.0,0.094,0.28200000000000003,Handcrafted Costing,TASTI CHEF PIES 160GR,114
PEPPER STEAK PIE 160G,FOLIEEN SHEET,Ingredient,EACH,0.14,0.042,0.005880000000000001,Handcrafted Costing,TASTI CHEF PIES 160GR,115
PEPPER STEAK PIE 160G,TAPE,Ingredient,EACH,17.5,0.005,0.08750000000000001,Handcrafted Costing,TASTI CHEF PIES 160GR,116
PEPPER STEAK PIE 160G,HALAL STICKER,Ingredient,EACH,0.08,0.042,0.00336,Handcrafted Costing,TASTI CHEF PIES 160GR,117
PEPPER STEAK PIE 160G,LABEL,Ingredient,EACH,0.32,0.083,0.02656,Handcrafted Costing,TASTI CHEF PIES 160GR,118
PEPPER STEAK PIE 160G,BOX,Ingredient,EACH,12.98,0.042,0.5451600000000001,Handcrafted Costing,TASTI CHEF PIES 160GR,119
PEPPER STEAK PIE 160G,MILK,Ingredient,LT,24.5,0.005,0.1225,Handcrafted Costing,TASTI CHEF PIES 160GR,120
PEPPER STEAK PIE 160G,PIE FILLING,Ingredient,KG,36.54,0.06,2.1923999999999997,Handcrafted Costing,TASTI CHEF PIES 160GR,132
PEPPER STEAK PIE 160G,PUFF PASTRY,Ingredient,KG,12.73,0.1,1.2730000000000001,Handcrafted Costing,TASTI CHEF PIES 160GR,133
PEPPER STEAK PIE 160G,EGG,Ingredient,EACH,3.0,0.094,0.28200000000000003,Handcrafted Costing,TASTI CHEF PIES 160GR,134
PEPPER STEAK PIE 160G,FOLIEEN SHEET,Ingredient,EACH,0.14,0.042,0.005880000000000001,Handcrafted Costing,TASTI CHEF PIES 160GR,135
PEPPER STEAK PIE 160G,TAPE,Ingredient,EACH,17.5,0.005,0.08750000000000001,Handcrafted Costing,TASTI CHEF PIES 160GR,136
PEPPER STEAK PIE 160G,HALAL STICKER,Ingredient,EACH,0.08,0.042,0.00336,Handcrafted Costing,TASTI CHEF PIES 160GR,137
PEPPER STEAK PIE 160G,LABEL,Ingredient,EACH,0.32,0.083,0.02656,Handcrafted Costing,TASTI CHEF PIES 160GR,138
PEPPER STEAK PIE 160G,BOX,Ingredient,EACH,12.98,0.042,0.5451600000000001,Handcrafted Costing,TASTI CHEF PIES 160GR,139
PEPPER STEAK PIE 160G,MILK,Ingredient,LT,24.5,0.005,0.1225,Handcrafted Costing,TASTI CHEF PIES 160GR,140
PEPPER STEAK PIE 160G,FILLING,Ingredient,EACH,9.3,0.06,0.558,Handcrafted Costing,TASTI CHEF PIES 160GR,153
PEPPER STEAK PIE 160G,PUFF PASTRY,Ingredient,KG,12.73,0.1,1.2730000000000001,Handcrafted Costing,TASTI CHEF PIES 160GR,154
PEPPER STEAK PIE 160G,EGG,Ingredient,EACH,3.0,0.094,0.28200000000000003,Handcrafted Costing,TASTI CHEF PIES 160GR,155
PEPPER STEAK PIE 160G,FOLIEEN SHEET,Ingredient,EACH,0.14,0.042,0.005880000000000001,Handcrafted Costing,TASTI CHEF PIES 160GR,156
PEPPER STEAK PIE 160G,TAPE,Ingredient,EACH,17.5,0.005,0.08750000000000001,Handcrafted Costing,TASTI CHEF PIES 160GR,157
PEPPER STEAK PIE 160G,HALAL STICKER,Ingredient,EACH,0.08,0.042,0.00336,Handcrafted Costing,TASTI CHEF PIES 160GR,158
PEPPER STEAK PIE 160G,LABEL,Ingredient,EACH,0.32,0.083,0.02656,Handcrafted Costing,TASTI CHEF PIES 160GR,159
PEPPER STEAK PIE 160G,BOX,Ingredient,EACH,12.98,0.042,0.5451600000000001,Handcrafted Costing,TASTI CHEF PIES 160GR,160
PEPPER STEAK PIE 160G,MILK,Ingredient,LT,24.5,0.005,0.1225,Handcrafted Costing,TASTI CHEF PIES 160GR,161
PEPPER STEAK PIE 160G,CHOCOLATE,Ingredient,KG,95.0,0.6,57.0,Handcrafted Costing,TASTI CHEF PIES 160GR,175
PEPPER STEAK PIE 160G,COCOA,Ingredient,KG,113.9,0.24,27.336000000000002,Handcrafted Costing,TASTI CHEF PIES 160GR,176
PEPPER STEAK PIE 160G,FLOUR,Ingredient,KG,12.5,0.195,2.4375,Handcrafted Costing,TASTI CHEF PIES 160GR,177
PEPPER STEAK PIE 160G,SUGAR,Ingredient,KG,20.2,1.3,26.26,Handcrafted Costing,TASTI CHEF PIES 160GR,178
PEPPER STEAK PIE 160G,BAKING POWDER,Ingredient,KG,47.95,0.015,0.7192500000000001,Handcrafted Costing,TASTI CHEF PIES 160GR,179
PEPPER STEAK PIE 160G,EGGS,Ingredient,EACH,2.27,12.0,27.240000000000002,Handcrafted Costing,TASTI CHEF PIES 160GR,180
PEPPER STEAK PIE 160G,UNSALTED BUTTER,Ingredient,KG,66.0,0.75,49.5,Handcrafted Costing,TASTI CHEF PIES 160GR,181
PEPPER STEAK PIE 160G,CONDIMENT,Ingredient,ASSORTED,1.5,1.0,1.5,Handcrafted Costing,TASTI CHEF PIES 160GR,182
PEPPER STEAK PIE 160G,VETKOEK,Ingredient,EACH SLICE,1.97,1.0,1.97,Handcrafted Costing,TASTI CHEF PIES 160GR,196
PEPPER STEAK PIE 160G,VANILLA FILLING,Ingredient,KG,25.0,0.2,5.0,Handcrafted Costing,TASTI CHEF PIES 160GR,197
PEPPER STEAK PIE 160G,CONDIMENT,Ingredient,ASSORTED,1.0,1.0,1.0,Handcrafted Costing,TASTI CHEF PIES 160GR,198
PEPPER STEAK PIE 160G,BATTER,Ingredient,EACH,3.0,1.0,3.0,Handcrafted Costing,TASTI CHEF PIES 160GR,213
PEPPER STEAK PIE 160G,CONDIMENT,Ingredient,ASSORTED,1.5,1.0,0.5,Handcrafted Costing,TASTI CHEF PIES 160GR,214
PEPPER STEAK PIE 160G,PIE FILLING,Ingredient,KG,42.5,0.08,3.4,Handcrafted Costing,TASTI CHEF PIES 180GR,7
PEPPER STEAK PIE 160G,PUFF PASTRY,Ingredient,KG,12.73,0.11,1.4003,Handcrafted Costing,TASTI CHEF PIES 180GR,8
PEPPER STEAK PIE 160G,EGG,Ingredient,EACH,3.0,0.05,0.15000000000000002,Handcrafted Costing,TASTI CHEF PIES 180GR,9
PEPPER STEAK PIE 160G,FOLIEEN SHEET,Ingredient,EACH,0.14,0.042,0.005880000000000001,Handcrafted Costing,TASTI CHEF PIES 180GR,10
PEPPER STEAK PIE 160G,TAPE,Ingredient,EACH,17.5,0.005,0.08750000000000001,Handcrafted Costing,TASTI CHEF PIES 180GR,11
PEPPER STEAK PIE 160G,HALAL STICKER,Ingredient,EACH,0.08,0.042,0.00336,Handcrafted Costing,TASTI CHEF PIES 180GR,12
PEPPER STEAK PIE 160G,LABEL,Ingredient,EACH,0.32,0.083,0.02656,Handcrafted Costing,TASTI CHEF PIES 180GR,13
PEPPER STEAK PIE 160G,BOX,Ingredient,EACH,12.98,0.042,0.5451600000000001,Handcrafted Costing,TASTI CHEF PIES 180GR,14
PEPPER STEAK PIE 160G,MILK,Ingredient,LT,24.5,0.005,0.1225,Handcrafted Costing,TASTI CHEF PIES 180GR,15
PEPPER STEAK PIE 160G,PIE FILLING,Ingredient,KG,36.35,0.08,2.9080000000000004,Handcrafted Costing,TASTI CHEF PIES 180GR,27
PEPPER STEAK PIE 160G,PUFF PASTRY,Ingredient,KG,12.73,0.115,1.46395,Handcrafted Costing,TASTI CHEF PIES 180GR,28
PEPPER STEAK PIE 160G,EGG,Ingredient,EACH,3.0,0.094,0.28200000000000003,Handcrafted Costing,TASTI CHEF PIES 180GR,29
PEPPER STEAK PIE 160G,FOLIEEN SHEET,Ingredient,EACH,0.14,0.042,0.005880000000000001,Handcrafted Costing,TASTI CHEF PIES 180GR,30
PEPPER STEAK PIE 160G,TAPE,Ingredient,EACH,17.5,0.005,0.08750000000000001,Handcrafted Costing,TASTI CHEF PIES 180GR,31
PEPPER STEAK PIE 160G,HALAL STICKER,Ingredient,EACH,0.08,0.042,0.00336,Handcrafted Costing,TASTI CHEF PIES 180GR,32
PEPPER STEAK PIE 160G,LABEL,Ingredient,EACH,0.32,0.083,0.02656,Handcrafted Costing,TASTI CHEF PIES 180GR,33
PEPPER STEAK PIE 160G,BOX,Ingredient,EACH,12.98,0.042,0.5451600000000001,Handcrafted Costing,TASTI CHEF PIES 180GR,34
PEPPER STEAK PIE 160G,MILK,Ingredient,LT,24.5,0.005,0.1225,Handcrafted Costing,TASTI CHEF PIES 180GR,35
PEPPER STEAK PIE 160G,PIE FILLING,Ingredient,KG,25.63,0.08,2.0504,Handcrafted Costing,TASTI CHEF PIES 180GR,51
PEPPER STEAK PIE 160G,PUFF PASTRY,Ingredient,KG,12.73,0.11,1.4003,Handcrafted Costing,TASTI CHEF PIES 180GR,52
PEPPER STEAK PIE 160G,EGG,Ingredient,EACH,3.0,0.094,0.28200000000000003,Handcrafted Costing,TASTI CHEF PIES 180GR,53
PEPPER STEAK PIE 160G,FOLIEEN SHEET,Ingredient,EACH,0.14,0.042,0.005880000000000001,Handcrafted Costing,TASTI CHEF PIES 180GR,54
PEPPER STEAK PIE 160G,TAPE,Ingredient,EACH,17.5,0.005,0.08750000000000001,Handcrafted Costing,TASTI CHEF PIES 180GR,55
PEPPER STEAK PIE 160G,HALAL STICKER,Ingredient,EACH,0.08,0.042,0.00336,Handcrafted Costing,TASTI CHEF PIES 180GR,56
PEPPER STEAK PIE 160G,LABEL,Ingredient,EACH,0.32,0.083,0.02656,Handcrafted Costing,TASTI CHEF PIES 180GR,57
PEPPER STEAK PIE 160G,BOX,Ingredient,EACH,12.98,0.042,0.5451600000000001,Handcrafted Costing,TASTI CHEF PIES 180GR,58
PEPPER STEAK PIE 160G,MILK,Ingredient,LT,24.5,0.005,0.1225,Handcrafted Costing,TASTI CHEF PIES 180GR,59
PEPPER STEAK PIE 160G,PIE FILLING,Ingredient,KG,36.54,0.08,2.9232,Handcrafted Costing,TASTI CHEF PIES 180GR,72
PEPPER STEAK PIE 160G,PUFF PASTRY,Ingredient,KG,12.73,0.11,1.4003,Handcrafted Costing,TASTI CHEF PIES 180GR,73
PEPPER STEAK PIE 160G,EGG,Ingredient,EACH,3.0,0.094,0.28200000000000003,Handcrafted Costing,TASTI CHEF PIES 180GR,74
PEPPER STEAK PIE 160G,FOLIEEN SHEET,Ingredient,EACH,0.14,0.042,0.005880000000000001,Handcrafted Costing,TASTI CHEF PIES 180GR,75
PEPPER STEAK PIE 160G,TAPE,Ingredient,EACH,17.5,0.005,0.08750000000000001,Handcrafted Costing,TASTI CHEF PIES 180GR,76
PEPPER STEAK PIE 160G,HALAL STICKER,Ingredient,EACH,0.08,0.042,0.00336,Handcrafted Costing,TASTI CHEF PIES 180GR,77
PEPPER STEAK PIE 160G,LABEL,Ingredient,EACH,0.32,0.083,0.02656,Handcrafted Costing,TASTI CHEF PIES 180GR,78
PEPPER STEAK PIE 160G,BOX,Ingredient,EACH,12.98,0.042,0.5451600000000001,Handcrafted Costing,TASTI CHEF PIES 180GR,79
PEPPER STEAK PIE 160G,MILK,Ingredient,LT,24.5,0.005,0.1225,Handcrafted Costing,TASTI CHEF PIES 180GR,80
PEPPER STEAK PIE 160G,MINCE,Ingredient,KG,59.95,0.05,2.9975000000000005,Handcrafted Costing,TASTI CHEF PIES 180GR,92
PEPPER STEAK PIE 160G,PUFF PASTRY,Ingredient,KG,12.73,0.06,0.7638,Handcrafted Costing,TASTI CHEF PIES 180GR,93
PEPPER STEAK PIE 160G,EGG,Ingredient,EACH,3.0,0.05,0.15000000000000002,Handcrafted Costing,TASTI CHEF PIES 180GR,94
PEPPER STEAK PIE 160G,RELISH,Ingredient,KG,10.0,0,0.0,Handcrafted Costing,TASTI CHEF PIES 180GR,95
PEPPER STEAK PIE 160G,FOLIEEN SHEET,Ingredient,EACH,0.14,0.02,0.0028000000000000004,Handcrafted Costing,TASTI CHEF PIES 180GR,96
PEPPER STEAK PIE 160G,TAPE,Ingredient,EACH,17.5,0.005,0.08750000000000001,Handcrafted Costing,TASTI CHEF PIES 180GR,97
PEPPER STEAK PIE 160G,HALAL STICKER,Ingredient,EACH,0.08,0.042,0.00336,Handcrafted Costing,TASTI CHEF PIES 180GR,98
PEPPER STEAK PIE 160G,LABEL,Ingredient,EACH,0.32,0.083,0.02656,Handcrafted Costing,TASTI CHEF PIES 180GR,99
PEPPER STEAK PIE 160G,BOX,Ingredient,EACH,12.98,0.042,0.5451600000000001,Handcrafted Costing,TASTI CHEF PIES 180GR,100
PEPPER STEAK PIE 160G,MILK,Ingredient,LT,24.5,0.005,0.1225,Handcrafted Costing,TASTI CHEF PIES 180GR,101
PEPPER STEAK PIE 160G,PIE FILLING,Ingredient,KG,18.3,0.08,1.4640000000000002,Handcrafted Costing,TASTI CHEF PIES 180GR,112
PEPPER STEAK PIE 160G,PUFF PASTRY,Ingredient,KG,12.73,0.11,1.4003,Handcrafted Costing,TASTI CHEF PIES 180GR,113
PEPPER STEAK PIE 160G,EGG,Ingredient,EACH,3.0,0.094,0.28200000000000003,Handcrafted Costing,TASTI CHEF PIES 180GR,114
PEPPER STEAK PIE 160G,FOLIEEN SHEET,Ingredient,EACH,0.14,0.042,0.005880000000000001,Handcrafted Costing,TASTI CHEF PIES 180GR,115
PEPPER STEAK PIE 160G,TAPE,Ingredient,EACH,17.5,0.005,0.08750000000000001,Handcrafted Costing,TASTI CHEF PIES 180GR,116
PEPPER STEAK PIE 160G,HALAL STICKER,Ingredient,EACH,0.08,0.042,0.00336,Handcrafted Costing,TASTI CHEF PIES 180GR,117
PEPPER STEAK PIE 160G,LABEL,Ingredient,EACH,0.32,0.083,0.02656,Handcrafted Costing,TASTI CHEF PIES 180GR,118
PEPPER STEAK PIE 160G,BOX,Ingredient,EACH,12.98,0.042,0.5451600000000001,Handcrafted Costing,TASTI CHEF PIES 180GR,119
PEPPER STEAK PIE 160G,MILK,Ingredient,LT,24.5,0.005,0.1225,Handcrafted Costing,TASTI CHEF PIES 180GR,120
PEPPER STEAK PIE 160G,PIE FILLING,Ingredient,KG,36.54,0.08,2.9232,Handcrafted Costing,TASTI CHEF PIES 180GR,132
PEPPER STEAK PIE 160G,PUFF PASTRY,Ingredient,KG,12.73,0.11,1.4003,Handcrafted Costing,TASTI CHEF PIES 180GR,133
PEPPER STEAK PIE 160G,EGG,Ingredient,EACH,3.0,0.094,0.28200000000000003,Handcrafted Costing,TASTI CHEF PIES 180GR,134
PEPPER STEAK PIE 160G,FOLIEEN SHEET,Ingredient,EACH,0.14,0.042,0.005880000000000001,Handcrafted Costing,TASTI CHEF PIES 180GR,135
PEPPER STEAK PIE 160G,TAPE,Ingredient,EACH,17.5,0.005,0.08750000000000001,Handcrafted Costing,TASTI CHEF PIES 180GR,136
PEPPER STEAK PIE 160G,HALAL STICKER,Ingredient,EACH,0.08,0.042,0.00336,Handcrafted Costing,TASTI CHEF PIES 180GR,137
PEPPER STEAK PIE 160G,LABEL,Ingredient,EACH,0.32,0.083,0.02656,Handcrafted Costing,TASTI CHEF PIES 180GR,138
PEPPER STEAK PIE 160G,BOX,Ingredient,EACH,12.98,0.042,0.5451600000000001,Handcrafted Costing,TASTI CHEF PIES 180GR,139
PEPPER STEAK PIE 160G,MILK,Ingredient,LT,24.5,0.005,0.1225,Handcrafted Costing,TASTI CHEF PIES 180GR,140
PEPPER STEAK PIE 160G,FILLING,Ingredient,EACH,9.3,0.08,0.7440000000000001,Handcrafted Costing,TASTI CHEF PIES 180GR,153
PEPPER STEAK PIE 160G,PUFF PASTRY,Ingredient,KG,12.73,0.11,1.4003,Handcrafted Costing,TASTI CHEF PIES 180GR,154
PEPPER STEAK PIE 160G,EGG,Ingredient,EACH,3.0,0.094,0.28200000000000003,Handcrafted Costing,TASTI CHEF PIES 180GR,155
PEPPER STEAK PIE 160G,FOLIEEN SHEET,Ingredient,EACH,0.14,0.042,0.005880000000000001,Handcrafted Costing,TASTI CHEF PIES 180GR,156
PEPPER STEAK PIE 160G,TAPE,Ingredient,EACH,17.5,0.005,0.08750000000000001,Handcrafted Costing,TASTI CHEF PIES 180GR,157
PEPPER STEAK PIE 160G,HALAL STICKER,Ingredient,EACH,0.08,0.042,0.00336,Handcrafted Costing,TASTI CHEF PIES 180GR,158
PEPPER STEAK PIE 160G,LABEL,Ingredient,EACH,0.32,0.083,0.02656,Handcrafted Costing,TASTI CHEF PIES 180GR,159
PEPPER STEAK PIE 160G,BOX,Ingredient,EACH,12.98,0.042,0.5451600000000001,Handcrafted Costing,TASTI CHEF PIES 180GR,160
PEPPER STEAK PIE 160G,MILK,Ingredient,LT,24.5,0.005,0.1225,Handcrafted Costing,TASTI CHEF PIES 180GR,161
PEPPER STEAK PIE 160G,CHOCOLATE,Ingredient,KG,95.0,0.6,57.0,Handcrafted Costing,TASTI CHEF PIES 180GR,175
PEPPER STEAK PIE 160G,COCOA,Ingredient,KG,113.9,0.24,27.336000000000002,Handcrafted Costing,TASTI CHEF PIES 180GR,176
PEPPER STEAK PIE 160G,FLOUR,Ingredient,KG,12.5,0.195,2.4375,Handcrafted Costing,TASTI CHEF PIES 180GR,177
PEPPER STEAK PIE 160G,SUGAR,Ingredient,KG,20.2,1.3,26.26,Handcrafted Costing,TASTI CHEF PIES 180GR,178
PEPPER STEAK PIE 160G,BAKING POWDER,Ingredient,KG,47.95,0.015,0.7192500000000001,Handcrafted Costing,TASTI CHEF PIES 180GR,179
PEPPER STEAK PIE 160G,EGGS,Ingredient,EACH,2.27,12.0,27.240000000000002,Handcrafted Costing,TASTI CHEF PIES 180GR,180
PEPPER STEAK PIE 160G,UNSALTED BUTTER,Ingredient,KG,66.0,0.75,49.5,Handcrafted Costing,TASTI CHEF PIES 180GR,181
PEPPER STEAK PIE 160G,CONDIMENT,Ingredient,ASSORTED,1.5,1.0,1.5,Handcrafted Costing,TASTI CHEF PIES 180GR,182
PEPPER STEAK PIE 160G,VETKOEK,Ingredient,EACH SLICE,1.97,1.0,1.97,Handcrafted Costing,TASTI CHEF PIES 180GR,196
PEPPER STEAK PIE 160G,VANILLA FILLING,Ingredient,KG,25.0,0.2,5.0,Handcrafted Costing,TASTI CHEF PIES 180GR,197
PEPPER STEAK PIE 160G,CONDIMENT,Ingredient,ASSORTED,1.0,1.0,1.0,Handcrafted Costing,TASTI CHEF PIES 180GR,198
PEPPER STEAK PIE 160G,BATTER,Ingredient,EACH,3.0,1.0,3.0,Handcrafted Costing,TASTI CHEF PIES 180GR,213
PEPPER STEAK PIE 160G,CONDIMENT,Ingredient,ASSORTED,1.5,1.0,0.5,Handcrafted Costing,TASTI CHEF PIES 180GR,214
APPLE CINNAMON PUFF,APPLES,Ingredient,KG,29.99,0.05,1.4995,Handcrafted Costing,SWEET PUFFS,7
APPLE CINNAMON PUFF,CINNAMON,Ingredient,KG,89.0,0.005,0.445,Handcrafted Costing,SWEET PUFFS,8
APPLE CINNAMON PUFF,PUFF PASTRY,Ingredient,KG,12.73,0.12,1.5276,Handcrafted Costing,SWEET PUFFS,9
APPLE CINNAMON PUFF,EGG,Ingredient,EACH,3.0,0.05,0.15000000000000002,Handcrafted Costing,SWEET PUFFS,10
APPLE CINNAMON PUFF,FOLIEEN SHEET,Ingredient,EACH,0.14,0.042,0.005880000000000001,Handcrafted Costing,SWEET PUFFS,11
APPLE CINNAMON PUFF,TAPE,Ingredient,EACH,17.5,0.005,0.08750000000000001,Handcrafted Costing,SWEET PUFFS,12
APPLE CINNAMON PUFF,HALAL STICKER,Ingredient,EACH,0.08,0.042,0.00336,Handcrafted Costing,SWEET PUFFS,13
APPLE CINNAMON PUFF,LABEL,Ingredient,EACH,0.32,0.083,0.02656,Handcrafted Costing,SWEET PUFFS,14
APPLE CINNAMON PUFF,BOX,Ingredient,EACH,12.98,0.042,0.5451600000000001,Handcrafted Costing,SWEET PUFFS,15
APPLE CINNAMON PUFF,VANILLA ESS,Ingredient,LT,67.95,0.001,0.06795000000000001,Handcrafted Costing,SWEET PUFFS,16
APPLE CINNAMON PUFF,SUGAR,Ingredient,KG,20.42,0.02,0.40840000000000004,Handcrafted Costing,SWEET PUFFS,17
APPLE CINNAMON PUFF,MILK,Ingredient,LT,24.5,0.005,0.1225,Handcrafted Costing,SWEET PUFFS,18
APPLE CINNAMON PUFF,UNSALTED BUTTER,Ingredient,KG,67.0,0.01,0.67,Handcrafted Costing,SWEET PUFFS,19
APPLE CINNAMON PUFF,INSTANT CUSTARD,Ingredient,KG,59.45,0.02,1.189,Handcrafted Costing,SWEET PUFFS,30
APPLE CINNAMON PUFF,PUFF PASTRY,Ingredient,KG,12.73,0.08,1.0184,Handcrafted Costing,SWEET PUFFS,31
APPLE CINNAMON PUFF,EGG,Ingredient,EACH,3.0,0.001,0.003,Handcrafted Costing,SWEET PUFFS,32
APPLE CINNAMON PUFF,FOLIEEN SHEET,Ingredient,EACH,0.14,0.042,0.005880000000000001,Handcrafted Costing,SWEET PUFFS,33
APPLE CINNAMON PUFF,TAPE,Ingredient,EACH,17.5,0.005,0.08750000000000001,Handcrafted Costing,SWEET PUFFS,34
APPLE CINNAMON PUFF,HALAL STICKER,Ingredient,EACH,0.08,0.042,0.00336,Handcrafted Costing,SWEET PUFFS,35
APPLE CINNAMON PUFF,LABEL,Ingredient,EACH,0.32,0.083,0.02656,Handcrafted Costing,SWEET PUFFS,36
APPLE CINNAMON PUFF,BOX,Ingredient,EACH,12.98,0.042,0.5451600000000001,Handcrafted Costing,SWEET PUFFS,37
APPLE CINNAMON PUFF,MILK,Ingredient,LT,24.5,0.005,0.1225,Handcrafted Costing,SWEET PUFFS,38
APPLE CINNAMON PUFF,PIE FILLING,Ingredient,KG,25.63,0.08,2.0504,Handcrafted Costing,SWEET PUFFS,54
APPLE CINNAMON PUFF,PUFF PASTRY,Ingredient,KG,12.73,0.11,1.4003,Handcrafted Costing,SWEET PUFFS,55
APPLE CINNAMON PUFF,EGG,Ingredient,EACH,3.0,0.094,0.28200000000000003,Handcrafted Costing,SWEET PUFFS,56
APPLE CINNAMON PUFF,FOLIEEN SHEET,Ingredient,EACH,0.14,0.042,0.005880000000000001,Handcrafted Costing,SWEET PUFFS,57
APPLE CINNAMON PUFF,TAPE,Ingredient,EACH,17.5,0.005,0.08750000000000001,Handcrafted Costing,SWEET PUFFS,58
APPLE CINNAMON PUFF,HALAL STICKER,Ingredient,EACH,0.08,0.042,0.00336,Handcrafted Costing,SWEET PUFFS,59
APPLE CINNAMON PUFF,LABEL,Ingredient,EACH,0.32,0.083,0.02656,Handcrafted Costing,SWEET PUFFS,60
APPLE CINNAMON PUFF,BOX,Ingredient,EACH,12.98,0.042,0.5451600000000001,Handcrafted Costing,SWEET PUFFS,61
APPLE CINNAMON PUFF,MILK,Ingredient,LT,24.5,0.005,0.1225,Handcrafted Costing,SWEET PUFFS,62
APPLE CINNAMON PUFF,PIE FILLING,Ingredient,KG,36.54,0.08,2.9232,Handcrafted Costing,SWEET PUFFS,75
APPLE CINNAMON PUFF,PUFF PASTRY,Ingredient,KG,12.73,0.11,1.4003,Handcrafted Costing,SWEET PUFFS,76
APPLE CINNAMON PUFF,EGG,Ingredient,EACH,3.0,0.094,0.28200000000000003,Handcrafted Costing,SWEET PUFFS,77
APPLE CINNAMON PUFF,FOLIEEN SHEET,Ingredient,EACH,0.14,0.042,0.005880000000000001,Handcrafted Costing,SWEET PUFFS,78
APPLE CINNAMON PUFF,TAPE,Ingredient,EACH,17.5,0.005,0.08750000000000001,Handcrafted Costing,SWEET PUFFS,79
APPLE CINNAMON PUFF,HALAL STICKER,Ingredient,EACH,0.08,0.042,0.00336,Handcrafted Costing,SWEET PUFFS,80
APPLE CINNAMON PUFF,LABEL,Ingredient,EACH,0.32,0.083,0.02656,Handcrafted Costing,SWEET PUFFS,81
APPLE CINNAMON PUFF,BOX,Ingredient,EACH,12.98,0.042,0.5451600000000001,Handcrafted Costing,SWEET PUFFS,82
APPLE CINNAMON PUFF,MILK,Ingredient,LT,24.5,0.005,0.1225,Handcrafted Costing,SWEET PUFFS,83
APPLE CINNAMON PUFF,MINCE,Ingredient,KG,49.5,0.08,3.96,Handcrafted Costing,SWEET PUFFS,95
APPLE CINNAMON PUFF,PUFF PASTRY,Ingredient,KG,12.73,0.11,1.4003,Handcrafted Costing,SWEET PUFFS,96
APPLE CINNAMON PUFF,EGG,Ingredient,EACH,3.0,0.05,0.15000000000000002,Handcrafted Costing,SWEET PUFFS,97
APPLE CINNAMON PUFF,RELISH,Ingredient,KG,10.0,0.035,0.35000000000000003,Handcrafted Costing,SWEET PUFFS,98
APPLE CINNAMON PUFF,FOLIEEN SHEET,Ingredient,EACH,0.14,0.02,0.0028000000000000004,Handcrafted Costing,SWEET PUFFS,99
APPLE CINNAMON PUFF,TAPE,Ingredient,EACH,17.5,0.005,0.08750000000000001,Handcrafted Costing,SWEET PUFFS,100
APPLE CINNAMON PUFF,HALAL STICKER,Ingredient,EACH,0.08,0.042,0.00336,Handcrafted Costing,SWEET PUFFS,101
APPLE CINNAMON PUFF,LABEL,Ingredient,EACH,0.32,0.083,0.02656,Handcrafted Costing,SWEET PUFFS,102
APPLE CINNAMON PUFF,BOX,Ingredient,EACH,12.98,0.042,0.5451600000000001,Handcrafted Costing,SWEET PUFFS,103
APPLE CINNAMON PUFF,MILK,Ingredient,LT,24.5,0.005,0.1225,Handcrafted Costing,SWEET PUFFS,104
APPLE CINNAMON PUFF,PIE FILLING,Ingredient,KG,18.3,0.08,1.4640000000000002,Handcrafted Costing,SWEET PUFFS,115
APPLE CINNAMON PUFF,PUFF PASTRY,Ingredient,KG,12.73,0.11,1.4003,Handcrafted Costing,SWEET PUFFS,116
APPLE CINNAMON PUFF,EGG,Ingredient,EACH,3.0,0.094,0.28200000000000003,Handcrafted Costing,SWEET PUFFS,117
APPLE CINNAMON PUFF,FOLIEEN SHEET,Ingredient,EACH,0.14,0.042,0.005880000000000001,Handcrafted Costing,SWEET PUFFS,118
APPLE CINNAMON PUFF,TAPE,Ingredient,EACH,17.5,0.005,0.08750000000000001,Handcrafted Costing,SWEET PUFFS,119
APPLE CINNAMON PUFF,HALAL STICKER,Ingredient,EACH,0.08,0.042,0.00336,Handcrafted Costing,SWEET PUFFS,120
APPLE CINNAMON PUFF,LABEL,Ingredient,EACH,0.32,0.083,0.02656,Handcrafted Costing,SWEET PUFFS,121
APPLE CINNAMON PUFF,BOX,Ingredient,EACH,12.98,0.042,0.5451600000000001,Handcrafted Costing,SWEET PUFFS,122
APPLE CINNAMON PUFF,MILK,Ingredient,LT,24.5,0.005,0.1225,Handcrafted Costing,SWEET PUFFS,123
APPLE CINNAMON PUFF,PIE FILLING,Ingredient,KG,36.54,0.08,2.9232,Handcrafted Costing,SWEET PUFFS,135
APPLE CINNAMON PUFF,PUFF PASTRY,Ingredient,KG,12.73,0.11,1.4003,Handcrafted Costing,SWEET PUFFS,136
APPLE CINNAMON PUFF,EGG,Ingredient,EACH,3.0,0.094,0.28200000000000003,Handcrafted Costing,SWEET PUFFS,137
APPLE CINNAMON PUFF,FOLIEEN SHEET,Ingredient,EACH,0.14,0.042,0.005880000000000001,Handcrafted Costing,SWEET PUFFS,138
APPLE CINNAMON PUFF,TAPE,Ingredient,EACH,17.5,0.005,0.08750000000000001,Handcrafted Costing,SWEET PUFFS,139
APPLE CINNAMON PUFF,HALAL STICKER,Ingredient,EACH,0.08,0.042,0.00336,Handcrafted Costing,SWEET PUFFS,140
APPLE CINNAMON PUFF,LABEL,Ingredient,EACH,0.32,0.083,0.02656,Handcrafted Costing,SWEET PUFFS,141
APPLE CINNAMON PUFF,BOX,Ingredient,EACH,12.98,0.042,0.5451600000000001,Handcrafted Costing,SWEET PUFFS,142
APPLE CINNAMON PUFF,MILK,Ingredient,LT,24.5,0.005,0.1225,Handcrafted Costing,SWEET PUFFS,143
APPLE CINNAMON PUFF,FILLING,Ingredient,EACH,9.3,0.08,0.7440000000000001,Handcrafted Costing,SWEET PUFFS,156
APPLE CINNAMON PUFF,PUFF PASTRY,Ingredient,KG,12.73,0.11,1.4003,Handcrafted Costing,SWEET PUFFS,157
APPLE CINNAMON PUFF,EGG,Ingredient,EACH,3.0,0.094,0.28200000000000003,Handcrafted Costing,SWEET PUFFS,158
APPLE CINNAMON PUFF,FOLIEEN SHEET,Ingredient,EACH,0.14,0.042,0.005880000000000001,Handcrafted Costing,SWEET PUFFS,159
APPLE CINNAMON PUFF,TAPE,Ingredient,EACH,17.5,0.005,0.08750000000000001,Handcrafted Costing,SWEET PUFFS,160
APPLE CINNAMON PUFF,HALAL STICKER,Ingredient,EACH,0.08,0.042,0.00336,Handcrafted Costing,SWEET PUFFS,161
APPLE CINNAMON PUFF,LABEL,Ingredient,EACH,0.32,0.083,0.02656,Handcrafted Costing,SWEET PUFFS,162
APPLE CINNAMON PUFF,BOX,Ingredient,EACH,12.98,0.042,0.5451600000000001,Handcrafted Costing,SWEET PUFFS,163
APPLE CINNAMON PUFF,MILK,Ingredient,LT,24.5,0.005,0.1225,Handcrafted Costing,SWEET PUFFS,164
APPLE CINNAMON PUFF,CHOCOLATE,Ingredient,KG,95.0,0.6,57.0,Handcrafted Costing,SWEET PUFFS,178
APPLE CINNAMON PUFF,COCOA,Ingredient,KG,113.9,0.24,27.336000000000002,Handcrafted Costing,SWEET PUFFS,179
APPLE CINNAMON PUFF,FLOUR,Ingredient,KG,12.5,0.195,2.4375,Handcrafted Costing,SWEET PUFFS,180
APPLE CINNAMON PUFF,SUGAR,Ingredient,KG,20.2,1.3,26.26,Handcrafted Costing,SWEET PUFFS,181
APPLE CINNAMON PUFF,BAKING POWDER,Ingredient,KG,47.95,0.015,0.7192500000000001,Handcrafted Costing,SWEET PUFFS,182
APPLE CINNAMON PUFF,EGGS,Ingredient,EACH,2.27,12.0,27.240000000000002,Handcrafted Costing,SWEET PUFFS,183
APPLE CINNAMON PUFF,UNSALTED BUTTER,Ingredient,KG,66.0,0.75,49.5,Handcrafted Costing,SWEET PUFFS,184
APPLE CINNAMON PUFF,CONDIMENT,Ingredient,ASSORTED,1.5,1.0,1.5,Handcrafted Costing,SWEET PUFFS,185
APPLE CINNAMON PUFF,VETKOEK,Ingredient,EACH SLICE,1.97,1.0,1.97,Handcrafted Costing,SWEET PUFFS,199
APPLE CINNAMON PUFF,VANILLA FILLING,Ingredient,KG,25.0,0.2,5.0,Handcrafted Costing,SWEET PUFFS,200
APPLE CINNAMON PUFF,CONDIMENT,Ingredient,ASSORTED,1.0,1.0,1.0,Handcrafted Costing,SWEET PUFFS,201
APPLE CINNAMON PUFF,BATTER,Ingredient,EACH,3.0,1.0,3.0,Handcrafted Costing,SWEET PUFFS,216
APPLE CINNAMON PUFF,CONDIMENT,Ingredient,ASSORTED,1.5,1.0,0.5,Handcrafted Costing,SWEET PUFFS,217
APPLE CINNAMON PUFF,MILK,Ingredient,KG,24.95,0.01,0.2495,Handcrafted Costing,SWEET PUFFS,229
APPLE CINNAMON PUFF,OIL,Ingredient,KG,34.96,0.02,0.6992,Handcrafted Costing,SWEET PUFFS,230
APPLE CINNAMON PUFF,FLOUR,Ingredient,KG,12.98,0.01,0.1298,Handcrafted Costing,SWEET PUFFS,231
APPLE CINNAMON PUFF,SUGAR,Ingredient,KG,20.2,0.005,0.10099999999999999,Handcrafted Costing,SWEET PUFFS,232
APPLE CINNAMON PUFF,BAKING POWDER,Ingredient,KG,47.95,0.005,0.23975000000000002,Handcrafted Costing,SWEET PUFFS,233
APPLE CINNAMON PUFF,EGGS,Ingredient,EACH,2.27,0.2,0.454,Handcrafted Costing,SWEET PUFFS,234
APPLE CINNAMON PUFF,UNSALTED BUTTER,Ingredient,KG,66.0,0.05,3.3000000000000003,Handcrafted Costing,SWEET PUFFS,235
APPLE CINNAMON PUFF,CONDIMENT,Ingredient,ASSORTED,1.5,1.0,1.5,Handcrafted Costing,SWEET PUFFS,236
TOMATO/CHEESE/CUCUMBER/LETTUCE/SANDWICH,TOMATO,Ingredient,KG,25.99,0.02,0.5197999999999999,Handcrafted Costing,NEW ITEMS FOR TASTI CHEF SHOP,7
TOMATO/CHEESE/CUCUMBER/LETTUCE/SANDWICH,CHEESE,Ingredient,KG,98.95,0.037,3.66115,Handcrafted Costing,NEW ITEMS FOR TASTI CHEF SHOP,8
TOMATO/CHEESE/CUCUMBER/LETTUCE/SANDWICH,CUCUMBER,Ingredient,EACH,12.99,0.01,0.12990000000000002,Handcrafted Costing,NEW ITEMS FOR TASTI CHEF SHOP,9
TOMATO/CHEESE/CUCUMBER/LETTUCE/SANDWICH,LETTUCE,Ingredient,EACH,19.99,0.02,0.3998,Handcrafted Costing,NEW ITEMS FOR TASTI CHEF SHOP,10
TOMATO/CHEESE/CUCUMBER/LETTUCE/SANDWICH,BREAD,Ingredient,EACH,6.16,0.167,1.02872,Handcrafted Costing,NEW ITEMS FOR TASTI CHEF SHOP,11
TOMATO/CHEESE/CUCUMBER/LETTUCE/SANDWICH,CONDIMENTS,Ingredient,EACH,1.92,1.0,1.92,Handcrafted Costing,NEW ITEMS FOR TASTI CHEF SHOP,12
TOMATO/CHEESE/CUCUMBER/LETTUCE/SANDWICH,MAYO,Ingredient,KG,0.08,0.026,0.00208,Handcrafted Costing,NEW ITEMS FOR TASTI CHEF SHOP,13
TOMATO/CHEESE/CUCUMBER/LETTUCE/SANDWICH,SALT,Ingredient,KG,7.7,0.001,0.0077,Handcrafted Costing,NEW ITEMS FOR TASTI CHEF SHOP,14
TOMATO/CHEESE/CUCUMBER/LETTUCE/SANDWICH,PEPPER,Ingredient,KG,50.4,0.001,0.0504,Handcrafted Costing,NEW ITEMS FOR TASTI CHEF SHOP,15
TOMATO/CHEESE/CUCUMBER/LETTUCE/SANDWICH,STICKER,Ingredient,EACH,0.08,1.0,0.08,Handcrafted Costing,NEW ITEMS FOR TASTI CHEF SHOP,16
TOMATO/CHEESE/CUCUMBER/LETTUCE/SANDWICH,TOMATO,Ingredient,KG,29.0,0.025,0.7250000000000001,Handcrafted Costing,NEW ITEMS FOR TASTI CHEF SHOP,30
TOMATO/CHEESE/CUCUMBER/LETTUCE/SANDWICH,CHEESE,Ingredient,KG,98.95,0.04,3.958,Handcrafted Costing,NEW ITEMS FOR TASTI CHEF SHOP,31
TOMATO/CHEESE/CUCUMBER/LETTUCE/SANDWICH,BREAD,Ingredient,EACH,6.16,0.167,1.02872,Handcrafted Costing,NEW ITEMS FOR TASTI CHEF SHOP,32
TOMATO/CHEESE/CUCUMBER/LETTUCE/SANDWICH,CONDIMENTS,Ingredient,EACH,1.92,1.0,1.92,Handcrafted Costing,NEW ITEMS FOR TASTI CHEF SHOP,33
TOMATO/CHEESE/CUCUMBER/LETTUCE/SANDWICH,PEPPER,Ingredient,KG,50.4,0.001,0.0504,Handcrafted Costing,NEW ITEMS FOR TASTI CHEF SHOP,34
TOMATO/CHEESE/CUCUMBER/LETTUCE/SANDWICH,STICKER,Ingredient,EACH,0.08,1.0,0.08,Handcrafted Costing,NEW ITEMS FOR TASTI CHEF SHOP,35
TOMATO/CHEESE/CUCUMBER/LETTUCE/SANDWICH,PIE FILLING,Ingredient,KG,25.63,0.08,2.0504,Handcrafted Costing,NEW ITEMS FOR TASTI CHEF SHOP,50
TOMATO/CHEESE/CUCUMBER/LETTUCE/SANDWICH,PUFF PASTRY,Ingredient,KG,12.73,0.11,1.4003,Handcrafted Costing,NEW ITEMS FOR TASTI CHEF SHOP,51
TOMATO/CHEESE/CUCUMBER/LETTUCE/SANDWICH,EGG,Ingredient,EACH,3.0,0.094,0.28200000000000003,Handcrafted Costing,NEW ITEMS FOR TASTI CHEF SHOP,52
TOMATO/CHEESE/CUCUMBER/LETTUCE/SANDWICH,FOLIEEN SHEET,Ingredient,EACH,0.14,0.042,0.005880000000000001,Handcrafted Costing,NEW ITEMS FOR TASTI CHEF SHOP,53
TOMATO/CHEESE/CUCUMBER/LETTUCE/SANDWICH,TAPE,Ingredient,EACH,17.5,0.005,0.08750000000000001,Handcrafted Costing,NEW ITEMS FOR TASTI CHEF SHOP,54
TOMATO/CHEESE/CUCUMBER/LETTUCE/SANDWICH,HALAL STICKER,Ingredient,EACH,0.08,0.042,0.00336,Handcrafted Costing,NEW ITEMS FOR TASTI CHEF SHOP,55
TOMATO/CHEESE/CUCUMBER/LETTUCE/SANDWICH,LABEL,Ingredient,EACH,0.32,0.083,0.02656,Handcrafted Costing,NEW ITEMS FOR TASTI CHEF SHOP,56
TOMATO/CHEESE/CUCUMBER/LETTUCE/SANDWICH,BOX,Ingredient,EACH,12.98,0.042,0.5451600000000001,Handcrafted Costing,NEW ITEMS FOR TASTI CHEF SHOP,57
TOMATO/CHEESE/CUCUMBER/LETTUCE/SANDWICH,MILK,Ingredient,LT,24.5,0.005,0.1225,Handcrafted Costing,NEW ITEMS FOR TASTI CHEF SHOP,58
TOMATO/CHEESE/CUCUMBER/LETTUCE/SANDWICH,PIE FILLING,Ingredient,KG,36.54,0.08,2.9232,Handcrafted Costing,NEW ITEMS FOR TASTI CHEF SHOP,71
TOMATO/CHEESE/CUCUMBER/LETTUCE/SANDWICH,PUFF PASTRY,Ingredient,KG,12.73,0.11,1.4003,Handcrafted Costing,NEW ITEMS FOR TASTI CHEF SHOP,72
TOMATO/CHEESE/CUCUMBER/LETTUCE/SANDWICH,EGG,Ingredient,EACH,3.0,0.094,0.28200000000000003,Handcrafted Costing,NEW ITEMS FOR TASTI CHEF SHOP,73
TOMATO/CHEESE/CUCUMBER/LETTUCE/SANDWICH,FOLIEEN SHEET,Ingredient,EACH,0.14,0.042,0.005880000000000001,Handcrafted Costing,NEW ITEMS FOR TASTI CHEF SHOP,74
TOMATO/CHEESE/CUCUMBER/LETTUCE/SANDWICH,TAPE,Ingredient,EACH,17.5,0.005,0.08750000000000001,Handcrafted Costing,NEW ITEMS FOR TASTI CHEF SHOP,75
TOMATO/CHEESE/CUCUMBER/LETTUCE/SANDWICH,HALAL STICKER,Ingredient,EACH,0.08,0.042,0.00336,Handcrafted Costing,NEW ITEMS FOR TASTI CHEF SHOP,76
TOMATO/CHEESE/CUCUMBER/LETTUCE/SANDWICH,LABEL,Ingredient,EACH,0.32,0.083,0.02656,Handcrafted Costing,NEW ITEMS FOR TASTI CHEF SHOP,77
TOMATO/CHEESE/CUCUMBER/LETTUCE/SANDWICH,BOX,Ingredient,EACH,12.98,0.042,0.5451600000000001,Handcrafted Costing,NEW ITEMS FOR TASTI CHEF SHOP,78
TOMATO/CHEESE/CUCUMBER/LETTUCE/SANDWICH,MILK,Ingredient,LT,24.5,0.005,0.1225,Handcrafted Costing,NEW ITEMS FOR TASTI CHEF SHOP,79
TOMATO/CHEESE/CUCUMBER/LETTUCE/SANDWICH,MINCE,Ingredient,KG,49.5,0.08,3.96,Handcrafted Costing,NEW ITEMS FOR TASTI CHEF SHOP,91
TOMATO/CHEESE/CUCUMBER/LETTUCE/SANDWICH,PUFF PASTRY,Ingredient,KG,12.73,0.11,1.4003,Handcrafted Costing,NEW ITEMS FOR TASTI CHEF SHOP,92
TOMATO/CHEESE/CUCUMBER/LETTUCE/SANDWICH,EGG,Ingredient,EACH,3.0,0.05,0.15000000000000002,Handcrafted Costing,NEW ITEMS FOR TASTI CHEF SHOP,93
TOMATO/CHEESE/CUCUMBER/LETTUCE/SANDWICH,RELISH,Ingredient,KG,10.0,0.035,0.35000000000000003,Handcrafted Costing,NEW ITEMS FOR TASTI CHEF SHOP,94
TOMATO/CHEESE/CUCUMBER/LETTUCE/SANDWICH,FOLIEEN SHEET,Ingredient,EACH,0.14,0.02,0.0028000000000000004,Handcrafted Costing,NEW ITEMS FOR TASTI CHEF SHOP,95
TOMATO/CHEESE/CUCUMBER/LETTUCE/SANDWICH,TAPE,Ingredient,EACH,17.5,0.005,0.08750000000000001,Handcrafted Costing,NEW ITEMS FOR TASTI CHEF SHOP,96
TOMATO/CHEESE/CUCUMBER/LETTUCE/SANDWICH,HALAL STICKER,Ingredient,EACH,0.08,0.042,0.00336,Handcrafted Costing,NEW ITEMS FOR TASTI CHEF SHOP,97
TOMATO/CHEESE/CUCUMBER/LETTUCE/SANDWICH,LABEL,Ingredient,EACH,0.32,0.083,0.02656,Handcrafted Costing,NEW ITEMS FOR TASTI CHEF SHOP,98
TOMATO/CHEESE/CUCUMBER/LETTUCE/SANDWICH,BOX,Ingredient,EACH,12.98,0.042,0.5451600000000001,Handcrafted Costing,NEW ITEMS FOR TASTI CHEF SHOP,99
TOMATO/CHEESE/CUCUMBER/LETTUCE/SANDWICH,MILK,Ingredient,LT,24.5,0.005,0.1225,Handcrafted Costing,NEW ITEMS FOR TASTI CHEF SHOP,100
TOMATO/CHEESE/CUCUMBER/LETTUCE/SANDWICH,PIE FILLING,Ingredient,KG,18.3,0.08,1.4640000000000002,Handcrafted Costing,NEW ITEMS FOR TASTI CHEF SHOP,111
TOMATO/CHEESE/CUCUMBER/LETTUCE/SANDWICH,PUFF PASTRY,Ingredient,KG,12.73,0.11,1.4003,Handcrafted Costing,NEW ITEMS FOR TASTI CHEF SHOP,112
TOMATO/CHEESE/CUCUMBER/LETTUCE/SANDWICH,EGG,Ingredient,EACH,3.0,0.094,0.28200000000000003,Handcrafted Costing,NEW ITEMS FOR TASTI CHEF SHOP,113
TOMATO/CHEESE/CUCUMBER/LETTUCE/SANDWICH,FOLIEEN SHEET,Ingredient,EACH,0.14,0.042,0.005880000000000001,Handcrafted Costing,NEW ITEMS FOR TASTI CHEF SHOP,114
TOMATO/CHEESE/CUCUMBER/LETTUCE/SANDWICH,TAPE,Ingredient,EACH,17.5,0.005,0.08750000000000001,Handcrafted Costing,NEW ITEMS FOR TASTI CHEF SHOP,115
TOMATO/CHEESE/CUCUMBER/LETTUCE/SANDWICH,HALAL STICKER,Ingredient,EACH,0.08,0.042,0.00336,Handcrafted Costing,NEW ITEMS FOR TASTI CHEF SHOP,116
TOMATO/CHEESE/CUCUMBER/LETTUCE/SANDWICH,LABEL,Ingredient,EACH,0.32,0.083,0.02656,Handcrafted Costing,NEW ITEMS FOR TASTI CHEF SHOP,117
TOMATO/CHEESE/CUCUMBER/LETTUCE/SANDWICH,BOX,Ingredient,EACH,12.98,0.042,0.5451600000000001,Handcrafted Costing,NEW ITEMS FOR TASTI CHEF SHOP,118
TOMATO/CHEESE/CUCUMBER/LETTUCE/SANDWICH,MILK,Ingredient,LT,24.5,0.005,0.1225,Handcrafted Costing,NEW ITEMS FOR TASTI CHEF SHOP,119
TOMATO/CHEESE/CUCUMBER/LETTUCE/SANDWICH,PIE FILLING,Ingredient,KG,36.54,0.08,2.9232,Handcrafted Costing,NEW ITEMS FOR TASTI CHEF SHOP,131
TOMATO/CHEESE/CUCUMBER/LETTUCE/SANDWICH,PUFF PASTRY,Ingredient,KG,12.73,0.11,1.4003,Handcrafted Costing,NEW ITEMS FOR TASTI CHEF SHOP,132
TOMATO/CHEESE/CUCUMBER/LETTUCE/SANDWICH,EGG,Ingredient,EACH,3.0,0.094,0.28200000000000003,Handcrafted Costing,NEW ITEMS FOR TASTI CHEF SHOP,133
TOMATO/CHEESE/CUCUMBER/LETTUCE/SANDWICH,FOLIEEN SHEET,Ingredient,EACH,0.14,0.042,0.005880000000000001,Handcrafted Costing,NEW ITEMS FOR TASTI CHEF SHOP,134
TOMATO/CHEESE/CUCUMBER/LETTUCE/SANDWICH,TAPE,Ingredient,EACH,17.5,0.005,0.08750000000000001,Handcrafted Costing,NEW ITEMS FOR TASTI CHEF SHOP,135
TOMATO/CHEESE/CUCUMBER/LETTUCE/SANDWICH,HALAL STICKER,Ingredient,EACH,0.08,0.042,0.00336,Handcrafted Costing,NEW ITEMS FOR TASTI CHEF SHOP,136
TOMATO/CHEESE/CUCUMBER/LETTUCE/SANDWICH,LABEL,Ingredient,EACH,0.32,0.083,0.02656,Handcrafted Costing,NEW ITEMS FOR TASTI CHEF SHOP,137
TOMATO/CHEESE/CUCUMBER/LETTUCE/SANDWICH,BOX,Ingredient,EACH,12.98,0.042,0.5451600000000001,Handcrafted Costing,NEW ITEMS FOR TASTI CHEF SHOP,138
TOMATO/CHEESE/CUCUMBER/LETTUCE/SANDWICH,MILK,Ingredient,LT,24.5,0.005,0.1225,Handcrafted Costing,NEW ITEMS FOR TASTI CHEF SHOP,139
TOMATO/CHEESE/CUCUMBER/LETTUCE/SANDWICH,FILLING,Ingredient,EACH,9.3,0.08,0.7440000000000001,Handcrafted Costing,NEW ITEMS FOR TASTI CHEF SHOP,152
TOMATO/CHEESE/CUCUMBER/LETTUCE/SANDWICH,PUFF PASTRY,Ingredient,KG,12.73,0.11,1.4003,Handcrafted Costing,NEW ITEMS FOR TASTI CHEF SHOP,153
TOMATO/CHEESE/CUCUMBER/LETTUCE/SANDWICH,EGG,Ingredient,EACH,3.0,0.094,0.28200000000000003,Handcrafted Costing,NEW ITEMS FOR TASTI CHEF SHOP,154
TOMATO/CHEESE/CUCUMBER/LETTUCE/SANDWICH,FOLIEEN SHEET,Ingredient,EACH,0.14,0.042,0.005880000000000001,Handcrafted Costing,NEW ITEMS FOR TASTI CHEF SHOP,155
TOMATO/CHEESE/CUCUMBER/LETTUCE/SANDWICH,TAPE,Ingredient,EACH,17.5,0.005,0.08750000000000001,Handcrafted Costing,NEW ITEMS FOR TASTI CHEF SHOP,156
TOMATO/CHEESE/CUCUMBER/LETTUCE/SANDWICH,HALAL STICKER,Ingredient,EACH,0.08,0.042,0.00336,Handcrafted Costing,NEW ITEMS FOR TASTI CHEF SHOP,157
TOMATO/CHEESE/CUCUMBER/LETTUCE/SANDWICH,LABEL,Ingredient,EACH,0.32,0.083,0.02656,Handcrafted Costing,NEW ITEMS FOR TASTI CHEF SHOP,158
TOMATO/CHEESE/CUCUMBER/LETTUCE/SANDWICH,BOX,Ingredient,EACH,12.98,0.042,0.5451600000000001,Handcrafted Costing,NEW ITEMS FOR TASTI CHEF SHOP,159
TOMATO/CHEESE/CUCUMBER/LETTUCE/SANDWICH,MILK,Ingredient,LT,24.5,0.005,0.1225,Handcrafted Costing,NEW ITEMS FOR TASTI CHEF SHOP,160
TOMATO/CHEESE/CUCUMBER/LETTUCE/SANDWICH,CHOCOLATE,Ingredient,KG,95.0,0.6,57.0,Handcrafted Costing,NEW ITEMS FOR TASTI CHEF SHOP,174
TOMATO/CHEESE/CUCUMBER/LETTUCE/SANDWICH,COCOA,Ingredient,KG,113.9,0.24,27.336000000000002,Handcrafted Costing,NEW ITEMS FOR TASTI CHEF SHOP,175
TOMATO/CHEESE/CUCUMBER/LETTUCE/SANDWICH,FLOUR,Ingredient,KG,12.5,0.195,2.4375,Handcrafted Costing,NEW ITEMS FOR TASTI CHEF SHOP,176
TOMATO/CHEESE/CUCUMBER/LETTUCE/SANDWICH,SUGAR,Ingredient,KG,20.2,1.3,26.26,Handcrafted Costing,NEW ITEMS FOR TASTI CHEF SHOP,177
TOMATO/CHEESE/CUCUMBER/LETTUCE/SANDWICH,BAKING POWDER,Ingredient,KG,47.95,0.015,0.7192500000000001,Handcrafted Costing,NEW ITEMS FOR TASTI CHEF SHOP,178
TOMATO/CHEESE/CUCUMBER/LETTUCE/SANDWICH,EGGS,Ingredient,EACH,2.27,12.0,27.240000000000002,Handcrafted Costing,NEW ITEMS FOR TASTI CHEF SHOP,179
TOMATO/CHEESE/CUCUMBER/LETTUCE/SANDWICH,UNSALTED BUTTER,Ingredient,KG,66.0,0.75,49.5,Handcrafted Costing,NEW ITEMS FOR TASTI CHEF SHOP,180
TOMATO/CHEESE/CUCUMBER/LETTUCE/SANDWICH,CONDIMENT,Ingredient,ASSORTED,1.5,1.0,1.5,Handcrafted Costing,NEW ITEMS FOR TASTI CHEF SHOP,181
TOMATO/CHEESE/CUCUMBER/LETTUCE/SANDWICH,VETKOEK,Ingredient,EACH SLICE,1.97,1.0,1.97,Handcrafted Costing,NEW ITEMS FOR TASTI CHEF SHOP,195
TOMATO/CHEESE/CUCUMBER/LETTUCE/SANDWICH,VANILLA FILLING,Ingredient,KG,25.0,0.2,5.0,Handcrafted Costing,NEW ITEMS FOR TASTI CHEF SHOP,196
TOMATO/CHEESE/CUCUMBER/LETTUCE/SANDWICH,CONDIMENT,Ingredient,ASSORTED,1.0,1.0,1.0,Handcrafted Costing,NEW ITEMS FOR TASTI CHEF SHOP,197
TOMATO/CHEESE/CUCUMBER/LETTUCE/SANDWICH,BATTER,Ingredient,EACH,3.0,1.0,3.0,Handcrafted Costing,NEW ITEMS FOR TASTI CHEF SHOP,212
TOMATO/CHEESE/CUCUMBER/LETTUCE/SANDWICH,CONDIMENT,Ingredient,ASSORTED,1.5,1.0,0.5,Handcrafted Costing,NEW ITEMS FOR TASTI CHEF SHOP,213
TOMATO/CHEESE/CUCUMBER/LETTUCE/SANDWICH,MILK,Ingredient,KG,24.95,0.01,0.2495,Handcrafted Costing,NEW ITEMS FOR TASTI CHEF SHOP,225
TOMATO/CHEESE/CUCUMBER/LETTUCE/SANDWICH,OIL,Ingredient,KG,34.96,0.02,0.6992,Handcrafted Costing,NEW ITEMS FOR TASTI CHEF SHOP,226
TOMATO/CHEESE/CUCUMBER/LETTUCE/SANDWICH,FLOUR,Ingredient,KG,12.98,0.01,0.1298,Handcrafted Costing,NEW ITEMS FOR TASTI CHEF SHOP,227
TOMATO/CHEESE/CUCUMBER/LETTUCE/SANDWICH,SUGAR,Ingredient,KG,20.2,0.005,0.10099999999999999,Handcrafted Costing,NEW ITEMS FOR TASTI CHEF SHOP,228
TOMATO/CHEESE/CUCUMBER/LETTUCE/SANDWICH,BAKING POWDER,Ingredient,KG,47.95,0.005,0.23975000000000002,Handcrafted Costing,NEW ITEMS FOR TASTI CHEF SHOP,229
TOMATO/CHEESE/CUCUMBER/LETTUCE/SANDWICH,EGGS,Ingredient,EACH,2.27,0.2,0.454,Handcrafted Costing,NEW ITEMS FOR TASTI CHEF SHOP,230
TOMATO/CHEESE/CUCUMBER/LETTUCE/SANDWICH,UNSALTED BUTTER,Ingredient,KG,66.0,0.05,3.3000000000000003,Handcrafted Costing,NEW ITEMS FOR TASTI CHEF SHOP,231
TOMATO/CHEESE/CUCUMBER/LETTUCE/SANDWICH,CONDIMENT,Ingredient,ASSORTED,1.5,1.0,1.5,Handcrafted Costing,NEW ITEMS FOR TASTI CHEF SHOP,232
BEEF BURGER,PATTIES,Ingredient,KG,59.98,0.1,5.998,Handcrafted Costing,New Meals,7
BEEF BURGER,TOMATO,Ingredient,KG,26.99,0.026,0.7017399999999999,Handcrafted Costing,New Meals,8
BEEF BURGER,BBQ SAUCE,Ingredient,EACH,15.99,0.01,0.15990000000000001,Handcrafted Costing,New Meals,9
BEEF BURGER,LETTUCE,Ingredient,EACH,19.99,0.02,0.3998,Handcrafted Costing,New Meals,10
BEEF BURGER,SOFT ROLL,Ingredient,EACH,0.95,1.0,0.95,Handcrafted Costing,New Meals,11
BEEF BURGER,CONDIMENTS,Ingredient,EACH,1.92,1.0,1.92,Handcrafted Costing,New Meals,12
BEEF BURGER,MAYO,Ingredient,KG,71.43,0.03,2.1429,Handcrafted Costing,New Meals,13
BEEF BURGER,PEPPER,Ingredient,KG,50.4,0.001,0.0504,Handcrafted Costing,New Meals,14
BEEF BURGER,STICKER,Ingredient,EACH,0.08,1.0,0.08,Handcrafted Costing,New Meals,15
BEEF BURGER,CHICKEN LQ,Ingredient,KG,29.0,1.0,29.0,Handcrafted Costing,New Meals,29
BEEF BURGER,POTATO,Ingredient,KG,7.14,0.225,1.6065,Handcrafted Costing,New Meals,30
BEEF BURGER,MAYO,Ingredient,EACH,71.95,0.167,12.01565,Handcrafted Costing,New Meals,31
BEEF BURGER,ONIONS,Ingredient,EACH,16.98,0.025,0.42450000000000004,Handcrafted Costing,New Meals,32
BEEF BURGER,SUGAR,Ingredient,KG,26.95,0.005,0.13475,Handcrafted Costing,New Meals,33
BEEF BURGER,PARSLEY,Ingredient,KG,43.82,0.002,0.08764,Handcrafted Costing,New Meals,34
BEEF BURGER,PIE FILLING,Ingredient,KG,25.63,0.08,2.0504,Handcrafted Costing,New Meals,52
BEEF BURGER,PUFF PASTRY,Ingredient,KG,12.73,0.11,1.4003,Handcrafted Costing,New Meals,53
BEEF BURGER,EGG,Ingredient,EACH,3.0,0.094,0.28200000000000003,Handcrafted Costing,New Meals,54
BEEF BURGER,FOLIEEN SHEET,Ingredient,EACH,0.14,0.042,0.005880000000000001,Handcrafted Costing,New Meals,55
BEEF BURGER,TAPE,Ingredient,EACH,17.5,0.005,0.08750000000000001,Handcrafted Costing,New Meals,56
BEEF BURGER,HALAL STICKER,Ingredient,EACH,0.08,0.042,0.00336,Handcrafted Costing,New Meals,57
BEEF BURGER,LABEL,Ingredient,EACH,0.32,0.083,0.02656,Handcrafted Costing,New Meals,58
BEEF BURGER,BOX,Ingredient,EACH,12.98,0.042,0.5451600000000001,Handcrafted Costing,New Meals,59
BEEF BURGER,MILK,Ingredient,LT,24.5,0.005,0.1225,Handcrafted Costing,New Meals,60
BEEF BURGER,PIE FILLING,Ingredient,KG,36.54,0.08,2.9232,Handcrafted Costing,New Meals,73
BEEF BURGER,PUFF PASTRY,Ingredient,KG,12.73,0.11,1.4003,Handcrafted Costing,New Meals,74
BEEF BURGER,EGG,Ingredient,EACH,3.0,0.094,0.28200000000000003,Handcrafted Costing,New Meals,75
BEEF BURGER,FOLIEEN SHEET,Ingredient,EACH,0.14,0.042,0.005880000000000001,Handcrafted Costing,New Meals,76
BEEF BURGER,TAPE,Ingredient,EACH,17.5,0.005,0.08750000000000001,Handcrafted Costing,New Meals,77
BEEF BURGER,HALAL STICKER,Ingredient,EACH,0.08,0.042,0.00336,Handcrafted Costing,New Meals,78
BEEF BURGER,LABEL,Ingredient,EACH,0.32,0.083,0.02656,Handcrafted Costing,New Meals,79
BEEF BURGER,BOX,Ingredient,EACH,12.98,0.042,0.5451600000000001,Handcrafted Costing,New Meals,80
BEEF BURGER,MILK,Ingredient,LT,24.5,0.005,0.1225,Handcrafted Costing,New Meals,81
BEEF BURGER,MINCE,Ingredient,KG,49.5,0.08,3.96,Handcrafted Costing,New Meals,93
BEEF BURGER,PUFF PASTRY,Ingredient,KG,12.73,0.11,1.4003,Handcrafted Costing,New Meals,94
BEEF BURGER,EGG,Ingredient,EACH,3.0,0.05,0.15000000000000002,Handcrafted Costing,New Meals,95
BEEF BURGER,RELISH,Ingredient,KG,10.0,0.035,0.35000000000000003,Handcrafted Costing,New Meals,96
BEEF BURGER,FOLIEEN SHEET,Ingredient,EACH,0.14,0.02,0.0028000000000000004,Handcrafted Costing,New Meals,97
BEEF BURGER,TAPE,Ingredient,EACH,17.5,0.005,0.08750000000000001,Handcrafted Costing,New Meals,98
BEEF BURGER,HALAL STICKER,Ingredient,EACH,0.08,0.042,0.00336,Handcrafted Costing,New Meals,99
BEEF BURGER,LABEL,Ingredient,EACH,0.32,0.083,0.02656,Handcrafted Costing,New Meals,100
BEEF BURGER,BOX,Ingredient,EACH,12.98,0.042,0.5451600000000001,Handcrafted Costing,New Meals,101
BEEF BURGER,MILK,Ingredient,LT,24.5,0.005,0.1225,Handcrafted Costing,New Meals,102
BEEF BURGER,PIE FILLING,Ingredient,KG,18.3,0.08,1.4640000000000002,Handcrafted Costing,New Meals,113
BEEF BURGER,PUFF PASTRY,Ingredient,KG,12.73,0.11,1.4003,Handcrafted Costing,New Meals,114
BEEF BURGER,EGG,Ingredient,EACH,3.0,0.094,0.28200000000000003,Handcrafted Costing,New Meals,115
BEEF BURGER,FOLIEEN SHEET,Ingredient,EACH,0.14,0.042,0.005880000000000001,Handcrafted Costing,New Meals,116
BEEF BURGER,TAPE,Ingredient,EACH,17.5,0.005,0.08750000000000001,Handcrafted Costing,New Meals,117
BEEF BURGER,HALAL STICKER,Ingredient,EACH,0.08,0.042,0.00336,Handcrafted Costing,New Meals,118
BEEF BURGER,LABEL,Ingredient,EACH,0.32,0.083,0.02656,Handcrafted Costing,New Meals,119
BEEF BURGER,BOX,Ingredient,EACH,12.98,0.042,0.5451600000000001,Handcrafted Costing,New Meals,120
BEEF BURGER,MILK,Ingredient,LT,24.5,0.005,0.1225,Handcrafted Costing,New Meals,121
BEEF BURGER,PIE FILLING,Ingredient,KG,36.54,0.08,2.9232,Handcrafted Costing,New Meals,133
BEEF BURGER,PUFF PASTRY,Ingredient,KG,12.73,0.11,1.4003,Handcrafted Costing,New Meals,134
BEEF BURGER,EGG,Ingredient,EACH,3.0,0.094,0.28200000000000003,Handcrafted Costing,New Meals,135
BEEF BURGER,FOLIEEN SHEET,Ingredient,EACH,0.14,0.042,0.005880000000000001,Handcrafted Costing,New Meals,136
BEEF BURGER,TAPE,Ingredient,EACH,17.5,0.005,0.08750000000000001,Handcrafted Costing,New Meals,137
BEEF BURGER,HALAL STICKER,Ingredient,EACH,0.08,0.042,0.00336,Handcrafted Costing,New Meals,138
BEEF BURGER,LABEL,Ingredient,EACH,0.32,0.083,0.02656,Handcrafted Costing,New Meals,139
BEEF BURGER,BOX,Ingredient,EACH,12.98,0.042,0.5451600000000001,Handcrafted Costing,New Meals,140
BEEF BURGER,MILK,Ingredient,LT,24.5,0.005,0.1225,Handcrafted Costing,New Meals,141
BEEF BURGER,FILLING,Ingredient,EACH,9.3,0.08,0.7440000000000001,Handcrafted Costing,New Meals,154
BEEF BURGER,PUFF PASTRY,Ingredient,KG,12.73,0.11,1.4003,Handcrafted Costing,New Meals,155
BEEF BURGER,EGG,Ingredient,EACH,3.0,0.094,0.28200000000000003,Handcrafted Costing,New Meals,156
BEEF BURGER,FOLIEEN SHEET,Ingredient,EACH,0.14,0.042,0.005880000000000001,Handcrafted Costing,New Meals,157
BEEF BURGER,TAPE,Ingredient,EACH,17.5,0.005,0.08750000000000001,Handcrafted Costing,New Meals,158
BEEF BURGER,HALAL STICKER,Ingredient,EACH,0.08,0.042,0.00336,Handcrafted Costing,New Meals,159
BEEF BURGER,LABEL,Ingredient,EACH,0.32,0.083,0.02656,Handcrafted Costing,New Meals,160
BEEF BURGER,BOX,Ingredient,EACH,12.98,0.042,0.5451600000000001,Handcrafted Costing,New Meals,161
BEEF BURGER,MILK,Ingredient,LT,24.5,0.005,0.1225,Handcrafted Costing,New Meals,162
BEEF BURGER,CHOCOLATE,Ingredient,KG,95.0,0.6,57.0,Handcrafted Costing,New Meals,176
BEEF BURGER,COCOA,Ingredient,KG,113.9,0.24,27.336000000000002,Handcrafted Costing,New Meals,177
BEEF BURGER,FLOUR,Ingredient,KG,12.5,0.195,2.4375,Handcrafted Costing,New Meals,178
BEEF BURGER,SUGAR,Ingredient,KG,20.2,1.3,26.26,Handcrafted Costing,New Meals,179
BEEF BURGER,BAKING POWDER,Ingredient,KG,47.95,0.015,0.7192500000000001,Handcrafted Costing,New Meals,180
BEEF BURGER,EGGS,Ingredient,EACH,2.27,12.0,27.240000000000002,Handcrafted Costing,New Meals,181
BEEF BURGER,UNSALTED BUTTER,Ingredient,KG,66.0,0.75,49.5,Handcrafted Costing,New Meals,182
BEEF BURGER,CONDIMENT,Ingredient,ASSORTED,1.5,1.0,1.5,Handcrafted Costing,New Meals,183
BEEF BURGER,VETKOEK,Ingredient,EACH SLICE,1.97,1.0,1.97,Handcrafted Costing,New Meals,197
BEEF BURGER,VANILLA FILLING,Ingredient,KG,25.0,0.2,5.0,Handcrafted Costing,New Meals,198
BEEF BURGER,CONDIMENT,Ingredient,ASSORTED,1.0,1.0,1.0,Handcrafted Costing,New Meals,199
BEEF BURGER,BATTER,Ingredient,EACH,3.0,1.0,3.0,Handcrafted Costing,New Meals,214
BEEF BURGER,CONDIMENT,Ingredient,ASSORTED,1.5,1.0,0.5,Handcrafted Costing,New Meals,215
BEEF BURGER,MILK,Ingredient,KG,24.95,0.01,0.2495,Handcrafted Costing,New Meals,227
BEEF BURGER,OIL,Ingredient,KG,34.96,0.02,0.6992,Handcrafted Costing,New Meals,228
BEEF BURGER,FLOUR,Ingredient,KG,12.98,0.01,0.1298,Handcrafted Costing,New Meals,229
BEEF BURGER,SUGAR,Ingredient,KG,20.2,0.005,0.10099999999999999,Handcrafted Costing,New Meals,230
BEEF BURGER,BAKING POWDER,Ingredient,KG,47.95,0.005,0.23975000000000002,Handcrafted Costing,New Meals,231
BEEF BURGER,EGGS,Ingredient,EACH,2.27,0.2,0.454,Handcrafted Costing,New Meals,232
BEEF BURGER,UNSALTED BUTTER,Ingredient,KG,66.0,0.05,3.3000000000000003,Handcrafted Costing,New Meals,233
BEEF BURGER,CONDIMENT,Ingredient,ASSORTED,1.5,1.0,1.5,Handcrafted Costing,New Meals,234
BUNS 100GR,WHITE BREAD FLOUR,Ingredient,KG,12.64,3.0,37.92,Handcrafted Costing,BUNS,7
BUNS 100GR,YEAST,Ingredient,KG,43.8,2.0,87.6,Handcrafted Costing,BUNS,8
BUNS 100GR,LABOR,Ingredient,EACH,12.55,1.0,12.55,Handcrafted Costing,BUNS,9
BUNS 100GR,KRAG,Ingredient,EACH,12.55,1.0,12.55,Handcrafted Costing,BUNS,10
MARGARINE SHORT CRUST,WHITE BREAD FLOUR,Ingredient,KG,12.98,1.0,12.98,Handcrafted Costing,SHORT CRUST PASTRY,7
MARGARINE SHORT CRUST,MARGARINE,Ingredient,KG,45.0,0.35,15.749999999999998,Handcrafted Costing,SHORT CRUST PASTRY,8
MARGARINE SHORT CRUST,OIL,Ingredient,LT,32.95,0.1,3.2950000000000004,Handcrafted Costing,SHORT CRUST PASTRY,9
MARGARINE SHORT CRUST,SALT,Ingredient,KG,7.7,0.02,0.154,Handcrafted Costing,SHORT CRUST PASTRY,10
MARGARINE SHORT CRUST,COLD WATER,Ingredient,LT,0,0.325,0.0,Handcrafted Costing,SHORT CRUST PASTRY,11
MARGARINE SHORT CRUST,WHITE BREAD FLOUR,Ingredient,KG,12.98,1.0,12.98,Handcrafted Costing,SHORT CRUST PASTRY,28
MARGARINE SHORT CRUST,PASTRY KING 22,Ingredient,KG,27.2,0.5,13.6,Handcrafted Costing,SHORT CRUST PASTRY,29
MARGARINE SHORT CRUST,SALT,Ingredient,KG,7.7,0.02,0.154,Handcrafted Costing,SHORT CRUST PASTRY,30
MARGARINE SHORT CRUST,COLD WATER,Ingredient,LT,0,0.35,0.0,Handcrafted Costing,SHORT CRUST PASTRY,31
MARGARINE SHORT CRUST,WHITE BREAD FLOUR,Ingredient,KG,12.98,1.0,12.98,Handcrafted Costing,SHORT CRUST PASTRY,47
MARGARINE SHORT CRUST,BUTTER,Ingredient,KG,125.58,0.5,62.79,Handcrafted Costing,SHORT CRUST PASTRY,48
MARGARINE SHORT CRUST,SALT,Ingredient,KG,7.7,0.02,0.154,Handcrafted Costing,SHORT CRUST PASTRY,49
MARGARINE SHORT CRUST,COLD WATER,Ingredient,LT,0,0.38,0.0,Handcrafted Costing,SHORT CRUST PASTRY,50
280GR,LEAN MINCE,Ingredient,KG,89.95,10.0,899.5,Handcrafted Costing,BOBOTI BUTTER SHORT CRUST,7
280GR,OSTRICH MINCE,Ingredient,KG,59.95,10.0,599.5,Handcrafted Costing,BOBOTI BUTTER SHORT CRUST,8
280GR,BUTTER CRUST,Ingredient,KG,75.92,20.71,1572.3032,Handcrafted Costing,BOBOTI BUTTER SHORT CRUST,9
280GR,SALT,Ingredient,KG,7.7,0.04,0.308,Handcrafted Costing,BOBOTI BUTTER SHORT CRUST,10
280GR,BAY LEAVES,Ingredient,KG,75.0,0.005,0.375,Handcrafted Costing,BOBOTI BUTTER SHORT CRUST,11
280GR,BEEF STOCK,Ingredient,KG,49.95,0.3,14.985,Handcrafted Costing,BOBOTI BUTTER SHORT CRUST,12
280GR,FROZEN ONIONS,Ingredient,KG,16.98,5.0,84.9,Handcrafted Costing,BOBOTI BUTTER SHORT CRUST,13
280GR,POTATOES,Ingredient,KG,9.0,3.0,27.0,Handcrafted Costing,BOBOTI BUTTER SHORT CRUST,14
280GR,WHITE SUGAR,Ingredient,KG,21.27,0.44,9.3588,Handcrafted Costing,BOBOTI BUTTER SHORT CRUST,15
280GR,CURRY MILD,Ingredient,KG,49.95,0.1,4.995000000000001,Handcrafted Costing,BOBOTI BUTTER SHORT CRUST,16
280GR,GARLIC,Ingredient,KG,34.95,0.2,6.990000000000001,Handcrafted Costing,BOBOTI BUTTER SHORT CRUST,17
280GR,RAJAH POWDER,Ingredient,KG,123.0,0.22,27.06,Handcrafted Costing,BOBOTI BUTTER SHORT CRUST,18
280GR,MIXED HERBS,Ingredient,KG,47.64,0.005,0.2382,Handcrafted Costing,BOBOTI BUTTER SHORT CRUST,19
280GR,DRIED THYME,Ingredient,KG,76.98,0.005,0.3849,Handcrafted Costing,BOBOTI BUTTER SHORT CRUST,20
280GR,DRIED PARSLEY,Ingredient,KG,43.82,0.005,0.21910000000000002,Handcrafted Costing,BOBOTI BUTTER SHORT CRUST,21
280GR,CHUTNEY,Ingredient,LT,12.53,1.0,12.53,Handcrafted Costing,BOBOTI BUTTER SHORT CRUST,22
280GR,BORRIE,Ingredient,KG,43.95,0.25,10.9875,Handcrafted Costing,BOBOTI BUTTER SHORT CRUST,23
280GR,CORIANDER SEEDS,Ingredient,KG,42.44,0.03,1.2731999999999999,Handcrafted Costing,BOBOTI BUTTER SHORT CRUST,24
280GR,MODI STARCH,Ingredient,KG,27.0,0.1,2.7,Handcrafted Costing,BOBOTI BUTTER SHORT CRUST,25
280GR,FLOUR,Ingredient,KG,12.98,0.1,1.298,Handcrafted Costing,BOBOTI BUTTER SHORT CRUST,26
280GR,FOLIEEN SHEETS,Ingredient,EACH,0.14,26.0,3.6400000000000006,Handcrafted Costing,BOBOTI BUTTER SHORT CRUST,27
280GR,OIL,Ingredient,LT,34.95,0.2,6.990000000000001,Handcrafted Costing,BOBOTI BUTTER SHORT CRUST,28
280GR,BOX,Ingredient,EACH,12.98,13.0,168.74,Handcrafted Costing,BOBOTI BUTTER SHORT CRUST,29
280GR,EGGS,Ingredient,EACH,2.95,10.0,29.5,Handcrafted Costing,BOBOTI BUTTER SHORT CRUST,30
280GR,MILK,Ingredient,LT,24.333,0.5,12.1665,Handcrafted Costing,BOBOTI BUTTER SHORT CRUST,31
280GR,FOIL BAKKIE,Ingredient,EACH,0.89,219.0,194.91,Handcrafted Costing,BOBOTI BUTTER SHORT CRUST,32
280GR,TAPE,Ingredient,EACH,17.5,1.0,17.5,Handcrafted Costing,BOBOTI BUTTER SHORT CRUST,33
280GR,HALAL STICKER,Ingredient,EACH,0.08,13.0,1.04,Handcrafted Costing,BOBOTI BUTTER SHORT CRUST,34
280GR,LABEL,Ingredient,EACH,0.32,26.0,8.32,Handcrafted Costing,BOBOTI BUTTER SHORT CRUST,35
KAROO LAMB 280GR,MUTTON,Ingredient,KG,189.98,15.0,2849.7,Handcrafted Costing,KAROO LAMB_WITH BUTTER CRUST,7
KAROO LAMB 280GR,SALT,Ingredient,KG,7.7,0.075,0.5775,Handcrafted Costing,KAROO LAMB_WITH BUTTER CRUST,8
KAROO LAMB 280GR,WORSC SAUCE,Ingredient,LT,10.95,1.2,13.139999999999999,Handcrafted Costing,KAROO LAMB_WITH BUTTER CRUST,9
KAROO LAMB 280GR,BEEF STOCK,Ingredient,KG,49.95,0.2,9.990000000000002,Handcrafted Costing,KAROO LAMB_WITH BUTTER CRUST,10
KAROO LAMB 280GR,PUFF,Ingredient,KG,12.73,20.0,254.60000000000002,Handcrafted Costing,KAROO LAMB_WITH BUTTER CRUST,11
KAROO LAMB 280GR,FROZEN ONIONS,Ingredient,KG,16.98,2.5,42.45,Handcrafted Costing,KAROO LAMB_WITH BUTTER CRUST,12
KAROO LAMB 280GR,POTATOES,Ingredient,KG,9.0,15.0,135.0,Handcrafted Costing,KAROO LAMB_WITH BUTTER CRUST,13
KAROO LAMB 280GR,GARLIC,Ingredient,KG,34.95,0.2,6.990000000000001,Handcrafted Costing,KAROO LAMB_WITH BUTTER CRUST,14
KAROO LAMB 280GR,MIXED HERBS,Ingredient,KG,47.64,0.005,0.2382,Handcrafted Costing,KAROO LAMB_WITH BUTTER CRUST,15
KAROO LAMB 280GR,DRIED THYME,Ingredient,KG,76.98,0.005,0.3849,Handcrafted Costing,KAROO LAMB_WITH BUTTER CRUST,16
KAROO LAMB 280GR,DRIED PARSLEY,Ingredient,KG,43.82,0.005,0.21910000000000002,Handcrafted Costing,KAROO LAMB_WITH BUTTER CRUST,17
KAROO LAMB 280GR,MODI STARCH,Ingredient,KG,27.95,0.15,4.1925,Handcrafted Costing,KAROO LAMB_WITH BUTTER CRUST,18
KAROO LAMB 280GR,FLOUR,Ingredient,KG,12.98,0.05,0.649,Handcrafted Costing,KAROO LAMB_WITH BUTTER CRUST,19
KAROO LAMB 280GR,FOLIEEN SHEETS,Ingredient,EACH,0.14,40.0,5.6000000000000005,Handcrafted Costing,KAROO LAMB_WITH BUTTER CRUST,20
KAROO LAMB 280GR,OIL,Ingredient,LT,34.95,0.2,6.990000000000001,Handcrafted Costing,KAROO LAMB_WITH BUTTER CRUST,21
KAROO LAMB 280GR,BOX,Ingredient,EACH,12.98,13.0,168.74,Handcrafted Costing,KAROO LAMB_WITH BUTTER CRUST,22
KAROO LAMB 280GR,EGGS,Ingredient,EACH,2.29,10.0,22.9,Handcrafted Costing,KAROO LAMB_WITH BUTTER CRUST,23
KAROO LAMB 280GR,MILK,Ingredient,LT,24.333,0.2,4.8666,Handcrafted Costing,KAROO LAMB_WITH BUTTER CRUST,24
KAROO LAMB 280GR,FOIL BAKKIE,Ingredient,EACH,0.89,219.0,194.91,Handcrafted Costing,KAROO LAMB_WITH BUTTER CRUST,25
KAROO LAMB 280GR,TAPE,Ingredient,EACH,17.5,1.0,17.5,Handcrafted Costing,KAROO LAMB_WITH BUTTER CRUST,26
KAROO LAMB 280GR,HALAL STICKER,Ingredient,EACH,0.08,13.0,1.04,Handcrafted Costing,KAROO LAMB_WITH BUTTER CRUST,27
KAROO LAMB 280GR,LABEL,Ingredient,EACH,0.32,27.0,8.64,Handcrafted Costing,KAROO LAMB_WITH BUTTER CRUST,28
280GR,LEAN MINCE,Ingredient,KG,89.95,10.0,899.5,Handcrafted Costing,BOBOTI PASTRY KING 22,7
280GR,OSTRICH MINCE,Ingredient,KG,59.95,10.0,599.5,Handcrafted Costing,BOBOTI PASTRY KING 22,8
280GR,PASTRY KING 22,Ingredient,KG,26.73,20.71,553.5783,Handcrafted Costing,BOBOTI PASTRY KING 22,9
280GR,SALT,Ingredient,KG,7.7,0.04,0.308,Handcrafted Costing,BOBOTI PASTRY KING 22,10
280GR,BAY LEAVES,Ingredient,KG,75.0,0.005,0.375,Handcrafted Costing,BOBOTI PASTRY KING 22,11
280GR,BEEF STOCK,Ingredient,KG,49.95,0.3,14.985,Handcrafted Costing,BOBOTI PASTRY KING 22,12
280GR,FROZEN ONIONS,Ingredient,KG,16.98,5.0,84.9,Handcrafted Costing,BOBOTI PASTRY KING 22,13
280GR,POTATOES,Ingredient,KG,9.0,3.0,27.0,Handcrafted Costing,BOBOTI PASTRY KING 22,14
280GR,WHITE SUGAR,Ingredient,KG,21.27,0.44,9.3588,Handcrafted Costing,BOBOTI PASTRY KING 22,15
280GR,CURRY MILD,Ingredient,KG,49.95,0.1,4.995000000000001,Handcrafted Costing,BOBOTI PASTRY KING 22,16
280GR,GARLIC,Ingredient,KG,34.95,0.2,6.990000000000001,Handcrafted Costing,BOBOTI PASTRY KING 22,17
280GR,RAJAH POWDER,Ingredient,KG,123.0,0.22,27.06,Handcrafted Costing,BOBOTI PASTRY KING 22,18
280GR,MIXED HERBS,Ingredient,KG,47.64,0.005,0.2382,Handcrafted Costing,BOBOTI PASTRY KING 22,19
280GR,DRIED THYME,Ingredient,KG,76.98,0.005,0.3849,Handcrafted Costing,BOBOTI PASTRY KING 22,20
280GR,DRIED PARSLEY,Ingredient,KG,43.82,0.005,0.21910000000000002,Handcrafted Costing,BOBOTI PASTRY KING 22,21
280GR,CHUTNEY,Ingredient,LT,12.53,1.0,12.53,Handcrafted Costing,BOBOTI PASTRY KING 22,22
280GR,BORRIE,Ingredient,KG,43.95,0.25,10.9875,Handcrafted Costing,BOBOTI PASTRY KING 22,23
280GR,CORIANDER SEEDS,Ingredient,KG,42.44,0.03,1.2731999999999999,Handcrafted Costing,BOBOTI PASTRY KING 22,24
280GR,MODI STARCH,Ingredient,KG,27.0,0.1,2.7,Handcrafted Costing,BOBOTI PASTRY KING 22,25
280GR,FLOUR,Ingredient,KG,12.98,0.1,1.298,Handcrafted Costing,BOBOTI PASTRY KING 22,26
280GR,FOLIEEN SHEETS,Ingredient,EACH,0.14,26.0,3.6400000000000006,Handcrafted Costing,BOBOTI PASTRY KING 22,27
280GR,OIL,Ingredient,LT,34.95,0.2,6.990000000000001,Handcrafted Costing,BOBOTI PASTRY KING 22,28
280GR,BOX,Ingredient,EACH,12.98,13.0,168.74,Handcrafted Costing,BOBOTI PASTRY KING 22,29
280GR,EGGS,Ingredient,EACH,2.95,10.0,29.5,Handcrafted Costing,BOBOTI PASTRY KING 22,30
280GR,MILK,Ingredient,LT,24.333,0.5,12.1665,Handcrafted Costing,BOBOTI PASTRY KING 22,31
280GR,FOIL BAKKIE,Ingredient,EACH,0.89,219.0,194.91,Handcrafted Costing,BOBOTI PASTRY KING 22,32
280GR,TAPE,Ingredient,EACH,17.5,1.0,17.5,Handcrafted Costing,BOBOTI PASTRY KING 22,33
280GR,HALAL STICKER,Ingredient,EACH,0.08,13.0,1.04,Handcrafted Costing,BOBOTI PASTRY KING 22,34
280GR,LABEL,Ingredient,EACH,0.32,26.0,8.32,Handcrafted Costing,BOBOTI PASTRY KING 22,35
KAROO LAMB 280GR,MUTTON,Ingredient,KG,189.98,15.0,2849.7,Handcrafted Costing,KAROO LAMB PASTRY KING 22,7
KAROO LAMB 280GR,SALT,Ingredient,KG,7.7,0.075,0.5775,Handcrafted Costing,KAROO LAMB PASTRY KING 22,8
KAROO LAMB 280GR,WORSC SAUCE,Ingredient,LT,10.95,1.2,13.139999999999999,Handcrafted Costing,KAROO LAMB PASTRY KING 22,9
KAROO LAMB 280GR,BEEF STOCK,Ingredient,KG,49.95,0.2,9.990000000000002,Handcrafted Costing,KAROO LAMB PASTRY KING 22,10
KAROO LAMB 280GR,PUFF,Ingredient,KG,12.73,20.0,254.60000000000002,Handcrafted Costing,KAROO LAMB PASTRY KING 22,11
KAROO LAMB 280GR,FROZEN ONIONS,Ingredient,KG,16.98,2.5,42.45,Handcrafted Costing,KAROO LAMB PASTRY KING 22,12
KAROO LAMB 280GR,POTATOES,Ingredient,KG,9.0,15.0,135.0,Handcrafted Costing,KAROO LAMB PASTRY KING 22,13
KAROO LAMB 280GR,GARLIC,Ingredient,KG,34.95,0.2,6.990000000000001,Handcrafted Costing,KAROO LAMB PASTRY KING 22,14
KAROO LAMB 280GR,MIXED HERBS,Ingredient,KG,47.64,0.005,0.2382,Handcrafted Costing,KAROO LAMB PASTRY KING 22,15
KAROO LAMB 280GR,DRIED THYME,Ingredient,KG,76.98,0.005,0.3849,Handcrafted Costing,KAROO LAMB PASTRY KING 22,16
KAROO LAMB 280GR,DRIED PARSLEY,Ingredient,KG,43.82,0.005,0.21910000000000002,Handcrafted Costing,KAROO LAMB PASTRY KING 22,17
KAROO LAMB 280GR,MODI STARCH,Ingredient,KG,27.95,0.15,4.1925,Handcrafted Costing,KAROO LAMB PASTRY KING 22,18
KAROO LAMB 280GR,FLOUR,Ingredient,KG,12.98,0.05,0.649,Handcrafted Costing,KAROO LAMB PASTRY KING 22,19
KAROO LAMB 280GR,FOLIEEN SHEETS,Ingredient,EACH,0.14,40.0,5.6000000000000005,Handcrafted Costing,KAROO LAMB PASTRY KING 22,20
KAROO LAMB 280GR,OIL,Ingredient,LT,34.95,0.2,6.990000000000001,Handcrafted Costing,KAROO LAMB PASTRY KING 22,21
KAROO LAMB 280GR,BOX,Ingredient,EACH,12.98,13.0,168.74,Handcrafted Costing,KAROO LAMB PASTRY KING 22,22
KAROO LAMB 280GR,EGGS,Ingredient,EACH,2.29,10.0,22.9,Handcrafted Costing,KAROO LAMB PASTRY KING 22,23
KAROO LAMB 280GR,MILK,Ingredient,LT,24.333,0.2,4.8666,Handcrafted Costing,KAROO LAMB PASTRY KING 22,24
KAROO LAMB 280GR,FOIL BAKKIE,Ingredient,EACH,0.89,219.0,194.91,Handcrafted Costing,KAROO LAMB PASTRY KING 22,25
KAROO LAMB 280GR,TAPE,Ingredient,EACH,17.5,1.0,17.5,Handcrafted Costing,KAROO LAMB PASTRY KING 22,26
KAROO LAMB 280GR,HALAL STICKER,Ingredient,EACH,0.08,13.0,1.04,Handcrafted Costing,KAROO LAMB PASTRY KING 22,27
KAROO LAMB 280GR,LABEL,Ingredient,EACH,0.32,27.0,8.64,Handcrafted Costing,KAROO LAMB PASTRY KING 22,28
ROUND Chakalaka SAUSAGE PIE,WORS,Ingredient,KG,75.98,0.08,6.0784,Handcrafted Costing,ROUND SAUSAGE PIESHAKALAKA,7
ROUND Chakalaka SAUSAGE PIE,PUFF PASTRY,Ingredient,KG,12.73,0.13,1.6549,Handcrafted Costing,ROUND SAUSAGE PIESHAKALAKA,8
ROUND Chakalaka SAUSAGE PIE,EGG,Ingredient,EACH,2.27,0.002,0.00454,Handcrafted Costing,ROUND SAUSAGE PIESHAKALAKA,9
ROUND Chakalaka SAUSAGE PIE,FOLIENE SHEET,Ingredient,EACH,0.14,0.042,0.005880000000000001,Handcrafted Costing,ROUND SAUSAGE PIESHAKALAKA,10
ROUND Chakalaka SAUSAGE PIE,TAPE,Ingredient,EACH,21.2,0.005,0.106,Handcrafted Costing,ROUND SAUSAGE PIESHAKALAKA,11
ROUND Chakalaka SAUSAGE PIE,HALAL STICKER,Ingredient,EACH,0.08,0.042,0.00336,Handcrafted Costing,ROUND SAUSAGE PIESHAKALAKA,12
ROUND Chakalaka SAUSAGE PIE,LABEL,Ingredient,EACH,0.32,0.083,0.02656,Handcrafted Costing,ROUND SAUSAGE PIESHAKALAKA,13
ROUND Chakalaka SAUSAGE PIE,BOX,Ingredient,EACH,12.98,0.042,0.5451600000000001,Handcrafted Costing,ROUND SAUSAGE PIESHAKALAKA,14
ROUND Chakalaka SAUSAGE PIE,MILK,Ingredient,LT,27.5,0.005,0.1375,Handcrafted Costing,ROUND SAUSAGE PIESHAKALAKA,15
ROUND Chakalaka SAUSAGE PIE,CHAKALAKA,Ingredient,EACH,26.8,0.03,0.8039999999999999,Handcrafted Costing,ROUND SAUSAGE PIESHAKALAKA,16
OXTAIL 280gr,FLOUR,Ingredient,kg,12.5,0.3,3.75,Gourmet Costing,OXTAIL,5
OXTAIL 280gr,Salt,Ingredient,kg,7.7,0.07,0.539,Gourmet Costing,OXTAIL,6
OXTAIL 280gr,Black Pepper,Ingredient,kg,50.4,0.005,0.252,Gourmet Costing,OXTAIL,7
OXTAIL 280gr,Garlic,Ingredient,kg,34.95,0.2,6.990000000000001,Gourmet Costing,OXTAIL,8
OXTAIL 280gr,White Onion,Ingredient,kg,21.0,1.5,31.5,Gourmet Costing,OXTAIL,9
OXTAIL 280gr,Celery,Ingredient,each,24.99,1.0,24.99,Gourmet Costing,OXTAIL,10
OXTAIL 280gr,BAY LEAVES,Ingredient,kg,75.0,0.02,1.5,Gourmet Costing,OXTAIL,12
OXTAIL 280gr,WATER,Ingredient,lt,0.0,20.0,0,Gourmet Costing,OXTAIL,13
OXTAIL 280gr,Rosemary,Ingredient,each,12.99,1.0,12.99,Gourmet Costing,OXTAIL,14
OXTAIL 280gr,BEEF STOCK POWDER,Ingredient,KG,25.69,0.1,2.5690000000000004,Gourmet Costing,OXTAIL,15
OXTAIL 280gr,CARROTS,Ingredient,each,19.99,1.5,29.985,Gourmet Costing,OXTAIL,16
OXTAIL 280gr,LARGE POTATOES,Ingredient,kg,9.9,10.0,99.0,Gourmet Costing,OXTAIL,18
OXTAIL 280gr,OIL,Ingredient,lt,34.95,0.1,3.4950000000000006,Gourmet Costing,OXTAIL,20
OXTAIL 280gr,OSTRICH NECK,Ingredient,kg,54.95,5.0,274.75,Gourmet Costing,OXTAIL,21
OXTAIL 280gr,BEEF OXTAIL,Ingredient,kg,124.95000000000002,13.0,1624.3500000000001,Gourmet Costing,OXTAIL,22
OXTAIL 280gr,Tomato Paste,Ingredient,kg,36.98,0.4,14.792,Gourmet Costing,OXTAIL,23
OXTAIL 280gr,Box,Ingredient,each,12.5,13.125,164.0625,Gourmet Costing,OXTAIL,24
OXTAIL 280gr,Puff Pastry,Ingredient,kg,12.729999999999999,27.3,347.529,Gourmet Costing,OXTAIL,27
OXTAIL 280gr,Fiolene Sheet,Ingredient,each,0.14,26.0,3.6400000000000006,Gourmet Costing,OXTAIL,28
OXTAIL 280gr,Foil Bakkie,Ingredient,each,0.92,210.0,193.20000000000002,Gourmet Costing,OXTAIL,31
OXTAIL 280gr,Halal sticker,Ingredient,each,0.08,13.125,1.05,Gourmet Costing,OXTAIL,32
OXTAIL 280gr,Eggs,Ingredient,each,2.29,0.01,0.0229,Gourmet Costing,OXTAIL,33
OXTAIL 280gr,Tape,Ingredient,each,14.9,1.0,14.9,Gourmet Costing,OXTAIL,34
OXTAIL 280gr,Label,Ingredient,each,0.32,26.0,8.32,Gourmet Costing,OXTAIL,35
OXTAIL 280gr,"33,66KG",Ingredient,PORT,0.06494731065759637,210.0,13.63893523809524,Gourmet Costing,OXTAIL,37
OXTAIL 280gr,Burger 60g,Ingredient,gram,0.05998,60.0,3.5987999999999998,Gourmet Costing,OXTAIL,42
OXTAIL 280gr,Tomato Braai Relish,Ingredient,gram,0.026869999999999998,10.0,0.2687,Gourmet Costing,OXTAIL,43
OXTAIL 280gr,Cheese Sauce,Ingredient,gram,0.10608999999999999,10.0,1.0609,Gourmet Costing,OXTAIL,44
OXTAIL 280gr,Pastry (20 x 13),Ingredient,gram,0.01236,115.0,1.4214,Gourmet Costing,OXTAIL,45
OXTAIL 280gr,Sunset Glaze,Ingredient,gram,0.07492000000000001,2.5,0.18730000000000002,Gourmet Costing,OXTAIL,46
OXTAIL 280gr,Outer Box,Ingredient,each,0.0125,0.041666666666666664,0.0005208333333333333,Gourmet Costing,OXTAIL,47
OXTAIL 280gr,Foilene Sheets,Ingredient,each,0.00014000000000000001,3.0,0.00042000000000000007,Gourmet Costing,OXTAIL,48
OXTAIL 280gr,Label,Ingredient,each,0.00032,0.041666666666666664,1.3333333333333333e-05,Gourmet Costing,OXTAIL,49
OXTAIL 280gr,Spice - Steak & Kidney,Ingredient,gram,0.06198,6.0,0.37188,Gourmet Costing,OXTAIL,56
OXTAIL 280gr,Metro FQ Beef Goulash,Ingredient,gram,0.08598000000000001,34.0,2.9233200000000004,Gourmet Costing,OXTAIL,57
OXTAIL 280gr,Liquid - Water,Ingredient,gram,0.0,40.0,0,Gourmet Costing,OXTAIL,58
OXTAIL 280gr,Pastry (20 x 13),Ingredient,gram,0.01236,115.0,1.4214,Gourmet Costing,OXTAIL,59
OXTAIL 280gr,Cornflour,Ingredient,gram,0.0140868,4.0,0.0563472,Gourmet Costing,OXTAIL,60
OXTAIL 280gr,Sunset Glaze,Ingredient,gram,0.07492000000000001,2.5,0.18730000000000002,Gourmet Costing,OXTAIL,61
OXTAIL 280gr,Outer Box,Ingredient,each,0.0125,0.041666666666666664,0.0005208333333333333,Gourmet Costing,OXTAIL,62
OXTAIL 280gr,Foilene Sheets,Ingredient,each,0.00014000000000000001,3.0,0.00042000000000000007,Gourmet Costing,OXTAIL,63
OXTAIL 280gr,Label,Ingredient,each,0.00032,0.041666666666666664,1.3333333333333333e-05,Gourmet Costing,OXTAIL,64
OXTAIL 280gr,280gr Pies,Ingredient,each,0,0,13.63893523809524,Gourmet Costing,OXTAIL,67
TOMATO BREDIE 280gr,LAMB,Ingredient,kg,174.98,16.0,2799.68,Gourmet Costing,TOMATO BREDIE,5
TOMATO BREDIE 280gr,FROZEN ONIONS,Ingredient,kg,21.0,3.0,63.0,Gourmet Costing,TOMATO BREDIE,6
TOMATO BREDIE 280gr,GARLIC,Ingredient,kg,34.95,0.2,6.990000000000001,Gourmet Costing,TOMATO BREDIE,7
TOMATO BREDIE 280gr,TOMATO PASTE,Ingredient,KG,24.98,2.4,59.952,Gourmet Costing,TOMATO BREDIE,8
TOMATO BREDIE 280gr,POTATOES,Ingredient,kg,9.9,5.0,49.5,Gourmet Costing,TOMATO BREDIE,10
TOMATO BREDIE 280gr,WATER,Ingredient,lt,0.0,26.0,0,Gourmet Costing,TOMATO BREDIE,11
TOMATO BREDIE 280gr,PAPRIKA,Ingredient,kg,59.76,0.2,11.952,Gourmet Costing,TOMATO BREDIE,12
TOMATO BREDIE 280gr,CORIANDER SEEDS,Ingredient,lt,42.44,0.03,1.2731999999999999,Gourmet Costing,TOMATO BREDIE,13
TOMATO BREDIE 280gr,FIOLENE SHEET,Ingredient,each,0.14,26.0,3.6400000000000006,Gourmet Costing,TOMATO BREDIE,15
TOMATO BREDIE 280gr,GROUND CINNAMON,Ingredient,KG,89.0,0.15,13.35,Gourmet Costing,TOMATO BREDIE,16
TOMATO BREDIE 280gr,GROUND BLACK PEPP,Ingredient,KG,50.400000000000006,0.06,3.024,Gourmet Costing,TOMATO BREDIE,17
TOMATO BREDIE 280gr,BAY LEAVES,Ingredient,kg,75.0,0.05,3.75,Gourmet Costing,TOMATO BREDIE,18
TOMATO BREDIE 280gr,SUGAR,Ingredient,kg,20.42,0.4,8.168000000000001,Gourmet Costing,TOMATO BREDIE,19
TOMATO BREDIE 280gr,SALT,Ingredient,lt,7.699999999999999,0.24,1.8479999999999999,Gourmet Costing,TOMATO BREDIE,20
TOMATO BREDIE 280gr,BEEF STOCK,Ingredient,kg,45.95,0.1,4.595000000000001,Gourmet Costing,TOMATO BREDIE,21
TOMATO BREDIE 280gr,OIL,Ingredient,kg,34.95,0.1,3.4950000000000006,Gourmet Costing,TOMATO BREDIE,22
TOMATO BREDIE 280gr,Foil Bakkie,Ingredient,each,0.92,264.0,242.88000000000002,Gourmet Costing,TOMATO BREDIE,23
TOMATO BREDIE 280gr,Box,Ingredient,each,12.5,16.53,206.625,Gourmet Costing,TOMATO BREDIE,24
TOMATO BREDIE 280gr,Eggs,Ingredient,each,2.29,5.0,11.45,Gourmet Costing,TOMATO BREDIE,25
TOMATO BREDIE 280gr,Tape,Ingredient,each,14.9,1.0,14.9,Gourmet Costing,TOMATO BREDIE,26
TOMATO BREDIE 280gr,Puff Pastry,Ingredient,each,12.73,36.96,470.5008,Gourmet Costing,TOMATO BREDIE,27
TOMATO BREDIE 280gr,Halal sticker,Ingredient,each,0.08,17.0,1.36,Gourmet Costing,TOMATO BREDIE,28
TOMATO BREDIE 280gr,Label,Ingredient,each,0.32,34.0,10.88,Gourmet Costing,TOMATO BREDIE,31
TOMATO BREDIE 280gr,45kg,Ingredient,PORT,0.05728898358585858,264.0,15.124291666666664,Gourmet Costing,TOMATO BREDIE,33
TOMATO BREDIE 280gr,Burger 60g,Ingredient,gram,0.05998,60.0,3.5987999999999998,Gourmet Costing,TOMATO BREDIE,38
TOMATO BREDIE 280gr,Tomato Braai Relish,Ingredient,gram,0.026869999999999998,10.0,0.2687,Gourmet Costing,TOMATO BREDIE,39
TOMATO BREDIE 280gr,Cheese Sauce,Ingredient,gram,0.10608999999999999,10.0,1.0609,Gourmet Costing,TOMATO BREDIE,40
TOMATO BREDIE 280gr,Pastry (20 x 13),Ingredient,gram,0.01236,115.0,1.4214,Gourmet Costing,TOMATO BREDIE,41
TOMATO BREDIE 280gr,Sunset Glaze,Ingredient,gram,0.07492000000000001,2.5,0.18730000000000002,Gourmet Costing,TOMATO BREDIE,42
TOMATO BREDIE 280gr,Outer Box,Ingredient,each,0.0125,0.041666666666666664,0.0005208333333333333,Gourmet Costing,TOMATO BREDIE,43
TOMATO BREDIE 280gr,Foilene Sheets,Ingredient,each,0.00014000000000000001,3.0,0.00042000000000000007,Gourmet Costing,TOMATO BREDIE,44
TOMATO BREDIE 280gr,Label,Ingredient,each,0.00032,0.041666666666666664,1.3333333333333333e-05,Gourmet Costing,TOMATO BREDIE,45
TOMATO BREDIE 280gr,Spice - Steak & Kidney,Ingredient,gram,0.06198,6.0,0.37188,Gourmet Costing,TOMATO BREDIE,52
TOMATO BREDIE 280gr,Metro FQ Beef Goulash,Ingredient,gram,0.08598000000000001,34.0,2.9233200000000004,Gourmet Costing,TOMATO BREDIE,53
TOMATO BREDIE 280gr,Liquid - Water,Ingredient,gram,0.0,40.0,0,Gourmet Costing,TOMATO BREDIE,54
TOMATO BREDIE 280gr,Pastry (20 x 13),Ingredient,gram,0.01236,115.0,1.4214,Gourmet Costing,TOMATO BREDIE,55
TOMATO BREDIE 280gr,Cornflour,Ingredient,gram,0.0140868,4.0,0.0563472,Gourmet Costing,TOMATO BREDIE,56
TOMATO BREDIE 280gr,Sunset Glaze,Ingredient,gram,0.07492000000000001,2.5,0.18730000000000002,Gourmet Costing,TOMATO BREDIE,57
TOMATO BREDIE 280gr,Outer Box,Ingredient,each,0.0125,0.041666666666666664,0.0005208333333333333,Gourmet Costing,TOMATO BREDIE,58
TOMATO BREDIE 280gr,Foilene Sheets,Ingredient,each,0.00014000000000000001,3.0,0.00042000000000000007,Gourmet Costing,TOMATO BREDIE,59
TOMATO BREDIE 280gr,Label,Ingredient,each,0.00032,0.041666666666666664,1.3333333333333333e-05,Gourmet Costing,TOMATO BREDIE,60
TOMATO BREDIE 280gr,280gr Pies,Ingredient,each,0,0,14.20929893238434,Gourmet Costing,TOMATO BREDIE,63
Confit Chicken /Mushrooms 280gr,Chicken Bites,Ingredient,kg,37.95,14.0,531.3000000000001,Gourmet Costing,CONFIT CHICKEN AND MUSHROOM,5
Confit Chicken /Mushrooms 280gr,Salt,Ingredient,kg,7.7,0.07,0.539,Gourmet Costing,CONFIT CHICKEN AND MUSHROOM,6
Confit Chicken /Mushrooms 280gr,Black Pepper,Ingredient,kg,50.4,0.01,0.504,Gourmet Costing,CONFIT CHICKEN AND MUSHROOM,7
Confit Chicken /Mushrooms 280gr,Garlic,Ingredient,kg,34.95,0.2,6.990000000000001,Gourmet Costing,CONFIT CHICKEN AND MUSHROOM,8
Confit Chicken /Mushrooms 280gr,Frozen Onion,Ingredient,kg,21.0,5.0,105.0,Gourmet Costing,CONFIT CHICKEN AND MUSHROOM,9
Confit Chicken /Mushrooms 280gr,Frozen mix Peppers,Ingredient,kg,17.0,5.0,85.0,Gourmet Costing,CONFIT CHICKEN AND MUSHROOM,10
Confit Chicken /Mushrooms 280gr,Flour,Ingredient,kg,12.5,0.37,4.625,Gourmet Costing,CONFIT CHICKEN AND MUSHROOM,11
Confit Chicken /Mushrooms 280gr,Corn Flour,Ingredient,kg,20.4,0.18,3.6719999999999997,Gourmet Costing,CONFIT CHICKEN AND MUSHROOM,12
Confit Chicken /Mushrooms 280gr,Rosemary,Ingredient,each,12.99,1.0,12.99,Gourmet Costing,CONFIT CHICKEN AND MUSHROOM,14
Confit Chicken /Mushrooms 280gr,Fresh Parsley,Ingredient,each,14.99,1.0,14.99,Gourmet Costing,CONFIT CHICKEN AND MUSHROOM,15
Confit Chicken /Mushrooms 280gr,Thyme,Ingredient,each,12.99,1.0,12.99,Gourmet Costing,CONFIT CHICKEN AND MUSHROOM,19
Confit Chicken /Mushrooms 280gr,Chicken Gravy,Ingredient,lt,61.98,0.75,46.485,Gourmet Costing,CONFIT CHICKEN AND MUSHROOM,20
Confit Chicken /Mushrooms 280gr,Fiolinee sheets,Ingredient,each,0.14,22.0,3.08,Gourmet Costing,CONFIT CHICKEN AND MUSHROOM,21
Confit Chicken /Mushrooms 280gr,Wooden Spoon,Ingredient,lt,33.0,1.0,33.0,Gourmet Costing,CONFIT CHICKEN AND MUSHROOM,22
Confit Chicken /Mushrooms 280gr,Oil Blend,Ingredient,lt,34.95,0.2,6.990000000000001,Gourmet Costing,CONFIT CHICKEN AND MUSHROOM,23
Confit Chicken /Mushrooms 280gr,Box,Ingredient,each,12.5,11.0,137.5,Gourmet Costing,CONFIT CHICKEN AND MUSHROOM,24
Confit Chicken /Mushrooms 280gr,Mushrooms,Ingredient,kg,34.98,5.0,174.89999999999998,Gourmet Costing,CONFIT CHICKEN AND MUSHROOM,26
Confit Chicken /Mushrooms 280gr,Puff Pastry,Ingredient,each,12.73,24.64,313.66720000000004,Gourmet Costing,CONFIT CHICKEN AND MUSHROOM,27
Confit Chicken /Mushrooms 280gr,Foil Bakkie,Ingredient,each,0.92,176.0,161.92000000000002,Gourmet Costing,CONFIT CHICKEN AND MUSHROOM,28
Confit Chicken /Mushrooms 280gr,Eggs,Ingredient,each,2.29,5.0,11.45,Gourmet Costing,CONFIT CHICKEN AND MUSHROOM,29
Confit Chicken /Mushrooms 280gr,Tape,Ingredient,each,14.9,1.0,14.9,Gourmet Costing,CONFIT CHICKEN AND MUSHROOM,30
Confit Chicken /Mushrooms 280gr,Halal sticker,Ingredient,each,0.08,11.0,0.88,Gourmet Costing,CONFIT CHICKEN AND MUSHROOM,31
Confit Chicken /Mushrooms 280gr,Large Potatoes,Ingredient,kg,9.9,8.0,79.2,Gourmet Costing,CONFIT CHICKEN AND MUSHROOM,32
Confit Chicken /Mushrooms 280gr,Label,Ingredient,each,0.32,22.0,7.04,Gourmet Costing,CONFIT CHICKEN AND MUSHROOM,36
Confit Chicken /Mushrooms 280gr,"29,97 KG",Ingredient,PORT,0.05376799343704426,187.0,10.054614772727277,Gourmet Costing,CONFIT CHICKEN AND MUSHROOM,38
Confit Chicken /Mushrooms 280gr,Burger 60g,Ingredient,gram,0.05998,60.0,3.5987999999999998,Gourmet Costing,CONFIT CHICKEN AND MUSHROOM,43
Confit Chicken /Mushrooms 280gr,Tomato Braai Relish,Ingredient,gram,0.026869999999999998,10.0,0.2687,Gourmet Costing,CONFIT CHICKEN AND MUSHROOM,44
Confit Chicken /Mushrooms 280gr,Cheese Sauce,Ingredient,gram,0.10608999999999999,10.0,1.0609,Gourmet Costing,CONFIT CHICKEN AND MUSHROOM,45
Confit Chicken /Mushrooms 280gr,Pastry (20 x 13),Ingredient,gram,0.01236,115.0,1.4214,Gourmet Costing,CONFIT CHICKEN AND MUSHROOM,46
Confit Chicken /Mushrooms 280gr,Sunset Glaze,Ingredient,gram,0.07492000000000001,2.5,0.18730000000000002,Gourmet Costing,CONFIT CHICKEN AND MUSHROOM,47
Confit Chicken /Mushrooms 280gr,Outer Box,Ingredient,each,0.0125,0.041666666666666664,0.0005208333333333333,Gourmet Costing,CONFIT CHICKEN AND MUSHROOM,48
Confit Chicken /Mushrooms 280gr,Foilene Sheets,Ingredient,each,0.00014000000000000001,3.0,0.00042000000000000007,Gourmet Costing,CONFIT CHICKEN AND MUSHROOM,49
Confit Chicken /Mushrooms 280gr,Label,Ingredient,each,0.00032,0.041666666666666664,1.3333333333333333e-05,Gourmet Costing,CONFIT CHICKEN AND MUSHROOM,50
Confit Chicken /Mushrooms 280gr,Spice - Steak & Kidney,Ingredient,gram,0.06198,6.0,0.37188,Gourmet Costing,CONFIT CHICKEN AND MUSHROOM,57
Confit Chicken /Mushrooms 280gr,Metro FQ Beef Goulash,Ingredient,gram,0.08598000000000001,34.0,2.9233200000000004,Gourmet Costing,CONFIT CHICKEN AND MUSHROOM,58
Confit Chicken /Mushrooms 280gr,Liquid - Water,Ingredient,gram,0.0,40.0,0,Gourmet Costing,CONFIT CHICKEN AND MUSHROOM,59
Confit Chicken /Mushrooms 280gr,Pastry (20 x 13),Ingredient,gram,0.01236,115.0,1.4214,Gourmet Costing,CONFIT CHICKEN AND MUSHROOM,60
Confit Chicken /Mushrooms 280gr,Cornflour,Ingredient,gram,0.0140868,4.0,0.0563472,Gourmet Costing,CONFIT CHICKEN AND MUSHROOM,61
Confit Chicken /Mushrooms 280gr,Sunset Glaze,Ingredient,gram,0.07492000000000001,2.5,0.18730000000000002,Gourmet Costing,CONFIT CHICKEN AND MUSHROOM,62
Confit Chicken /Mushrooms 280gr,Outer Box,Ingredient,each,0.0125,0.041666666666666664,0.0005208333333333333,Gourmet Costing,CONFIT CHICKEN AND MUSHROOM,63
Confit Chicken /Mushrooms 280gr,Foilene Sheets,Ingredient,each,0.00014000000000000001,3.0,0.00042000000000000007,Gourmet Costing,CONFIT CHICKEN AND MUSHROOM,64
Confit Chicken /Mushrooms 280gr,Label,Ingredient,each,0.00032,0.041666666666666664,1.3333333333333333e-05,Gourmet Costing,CONFIT CHICKEN AND MUSHROOM,65
Confit Chicken /Mushrooms 280gr,280gr Pies,Ingredient,each,0,0,9.46316684491979,Gourmet Costing,CONFIT CHICKEN AND MUSHROOM,68
BASIL PINWHEEL,BASIL PESTO,Ingredient,kg,0.18625,50.0,9.3125,Gourmet Costing,PINWHEELS,12
BASIL PINWHEEL,CHEESE,Ingredient,each,0.099,180.0,17.82,Gourmet Costing,PINWHEELS,13
BASIL PINWHEEL,Tape,Ingredient,each,0.0149,10.0,0.149,Gourmet Costing,PINWHEELS,22
BASIL PINWHEEL,Halal sticker,Ingredient,each,8e-05,166.0,0.01328,Gourmet Costing,PINWHEELS,23
BASIL PINWHEEL,Box,Ingredient,each,0.0125,166.0,2.075,Gourmet Costing,PINWHEELS,24
BASIL PINWHEEL,Puff Pastry,Ingredient,each,0.012730000000000002,1100.0,14.003000000000002,Gourmet Costing,PINWHEELS,27
BASIL PINWHEEL,Label,Ingredient,each,0.00032,166.0,0.05312,Gourmet Costing,PINWHEELS,31
BASIL PINWHEEL,Burger 60g,Ingredient,gram,0.05998,60.0,3.5987999999999998,Gourmet Costing,PINWHEELS,38
BASIL PINWHEEL,Tomato Braai Relish,Ingredient,gram,0.026869999999999998,10.0,0.2687,Gourmet Costing,PINWHEELS,39
BASIL PINWHEEL,Cheese Sauce,Ingredient,gram,0.10608999999999999,10.0,1.0609,Gourmet Costing,PINWHEELS,40
BASIL PINWHEEL,Pastry (20 x 13),Ingredient,gram,0.01236,115.0,1.4214,Gourmet Costing,PINWHEELS,41
BASIL PINWHEEL,Sunset Glaze,Ingredient,gram,0.07492000000000001,2.5,0.18730000000000002,Gourmet Costing,PINWHEELS,42
BASIL PINWHEEL,Outer Box,Ingredient,each,0.0125,0.041666666666666664,0.0005208333333333333,Gourmet Costing,PINWHEELS,43
BASIL PINWHEEL,Foilene Sheets,Ingredient,each,0.00014000000000000001,3.0,0.00042000000000000007,Gourmet Costing,PINWHEELS,44
BASIL PINWHEEL,Label,Ingredient,each,0.00032,0.041666666666666664,1.3333333333333333e-05,Gourmet Costing,PINWHEELS,45
BASIL PINWHEEL,Spice - Steak & Kidney,Ingredient,gram,0.06198,6.0,0.37188,Gourmet Costing,PINWHEELS,52
BASIL PINWHEEL,Metro FQ Beef Goulash,Ingredient,gram,0.08598000000000001,34.0,2.9233200000000004,Gourmet Costing,PINWHEELS,53
BASIL PINWHEEL,Liquid - Water,Ingredient,gram,0.0,40.0,0,Gourmet Costing,PINWHEELS,54
BASIL PINWHEEL,Pastry (20 x 13),Ingredient,gram,0.01236,115.0,1.4214,Gourmet Costing,PINWHEELS,55
BASIL PINWHEEL,Cornflour,Ingredient,gram,0.0140868,4.0,0.0563472,Gourmet Costing,PINWHEELS,56
BASIL PINWHEEL,Sunset Glaze,Ingredient,gram,0.07492000000000001,2.5,0.18730000000000002,Gourmet Costing,PINWHEELS,57
BASIL PINWHEEL,Outer Box,Ingredient,each,0.0125,0.041666666666666664,0.0005208333333333333,Gourmet Costing,PINWHEELS,58
BASIL PINWHEEL,Foilene Sheets,Ingredient,each,0.00014000000000000001,3.0,0.00042000000000000007,Gourmet Costing,PINWHEELS,59
BASIL PINWHEEL,Label,Ingredient,each,0.00032,0.041666666666666664,1.3333333333333333e-05,Gourmet Costing,PINWHEELS,60
BASIL PINWHEEL,PINWHEELS,Ingredient,each,0,0,4.825100000000001,Gourmet Costing,PINWHEELS,63
BASIL PINWHEEL,PINWHEELS,Ingredient,BOX,0,0,231.60480000000004,Gourmet Costing,PINWHEELS,64
BASIL PINWHEEL,PINWHEELS,Ingredient,BOX,0,0,463.2096000000001,Gourmet Costing,PINWHEELS,65
BASIL PINWHEEL,HARISSA,Ingredient,kg,0.15857,120.0,19.028399999999998,Gourmet Costing,PINWHEELS,78
BASIL PINWHEEL,CHEESE,Ingredient,each,0.099,180.0,17.82,Gourmet Costing,PINWHEELS,79
BASIL PINWHEEL,Tape,Ingredient,each,0.0149,10.0,0.149,Gourmet Costing,PINWHEELS,88
BASIL PINWHEEL,Halal sticker,Ingredient,each,8e-05,166.0,0.01328,Gourmet Costing,PINWHEELS,89
BASIL PINWHEEL,Box,Ingredient,each,0.0125,166.0,2.075,Gourmet Costing,PINWHEELS,90
BASIL PINWHEEL,Puff Pastry,Ingredient,each,0.00492,1100.0,5.412,Gourmet Costing,PINWHEELS,93
BASIL PINWHEEL,Label,Ingredient,each,0.00032,166.0,0.05312,Gourmet Costing,PINWHEELS,97
BASIL PINWHEEL,Burger 60g,Ingredient,gram,0.0,60.0,0,Gourmet Costing,PINWHEELS,104
BASIL PINWHEEL,Tomato Braai Relish,Ingredient,gram,0.047950000000000007,10.0,0.47950000000000004,Gourmet Costing,PINWHEELS,105
BASIL PINWHEEL,Cheese Sauce,Ingredient,gram,0.0140868,10.0,0.140868,Gourmet Costing,PINWHEELS,106
BASIL PINWHEEL,Pastry (20 x 13),Ingredient,gram,0.0,115.0,0,Gourmet Costing,PINWHEELS,107
BASIL PINWHEEL,Sunset Glaze,Ingredient,gram,0.0,2.5,0,Gourmet Costing,PINWHEELS,108
BASIL PINWHEEL,Outer Box,Ingredient,each,0.0,0.041666666666666664,0,Gourmet Costing,PINWHEELS,109
BASIL PINWHEEL,Foilene Sheets,Ingredient,each,0.0,3.0,0,Gourmet Costing,PINWHEELS,110
BASIL PINWHEEL,Label,Ingredient,each,0.0,0.041666666666666664,0,Gourmet Costing,PINWHEELS,111
BASIL PINWHEEL,Spice - Steak & Kidney,Ingredient,gram,0.02999,6.0,0.17994,Gourmet Costing,PINWHEELS,118
BASIL PINWHEEL,Metro FQ Beef Goulash,Ingredient,gram,0.0,34.0,0,Gourmet Costing,PINWHEELS,119
BASIL PINWHEEL,Liquid - Water,Ingredient,gram,0.0,40.0,0,Gourmet Costing,PINWHEELS,120
BASIL PINWHEEL,Pastry (20 x 13),Ingredient,gram,0.0,115.0,0,Gourmet Costing,PINWHEELS,121
BASIL PINWHEEL,Cornflour,Ingredient,gram,0.0,4.0,0,Gourmet Costing,PINWHEELS,122
BASIL PINWHEEL,Sunset Glaze,Ingredient,gram,0.0,2.5,0,Gourmet Costing,PINWHEELS,123
BASIL PINWHEEL,Outer Box,Ingredient,each,0.0,0.041666666666666664,0,Gourmet Costing,PINWHEELS,124
BASIL PINWHEEL,Foilene Sheets,Ingredient,each,0.0,3.0,0,Gourmet Costing,PINWHEELS,125
BASIL PINWHEEL,Label,Ingredient,each,0.0,0.041666666666666664,0,Gourmet Costing,PINWHEELS,126
BASIL PINWHEEL,PINWHEELS,Ingredient,each,0,0,4.950088888888889,Gourmet Costing,PINWHEELS,129
BASIL PINWHEEL,PINWHEELS,Ingredient,BOX,0,0,237.60426666666666,Gourmet Costing,PINWHEELS,130
BASIL PINWHEEL,PINWHEELS,Ingredient,BOX,0,0,475.2085333333333,Gourmet Costing,PINWHEELS,131
BASIL PINWHEEL,BALSAMIC ONIONS,Ingredient,kg,67.0,0.03,2.01,Gourmet Costing,PINWHEELS,144
BASIL PINWHEEL,CHEESE,Ingredient,each,99.0,0.18,17.82,Gourmet Costing,PINWHEELS,145
BASIL PINWHEEL,Tape,Ingredient,each,14.899999999999999,0.01,0.149,Gourmet Costing,PINWHEELS,154
BASIL PINWHEEL,Halal sticker,Ingredient,each,0.08,1.0,0.08,Gourmet Costing,PINWHEELS,155
BASIL PINWHEEL,Box,Ingredient,each,12.5,0.2,2.5,Gourmet Costing,PINWHEELS,156
BASIL PINWHEEL,Puff Pastry,Ingredient,each,12.73,0.5,6.365,Gourmet Costing,PINWHEELS,159
BASIL PINWHEEL,f/sheet,Ingredient,each,0.14,1.0,0.14,Gourmet Costing,PINWHEELS,163
BASIL PINWHEEL,Label,Ingredient,each,0.32,0.5,0.16,Gourmet Costing,PINWHEELS,164
BASIL PINWHEEL,Burger 60g,Ingredient,gram,0.0,60.0,0,Gourmet Costing,PINWHEELS,171
BASIL PINWHEEL,Tomato Braai Relish,Ingredient,gram,0.0,10.0,0,Gourmet Costing,PINWHEELS,172
BASIL PINWHEEL,Cheese Sauce,Ingredient,gram,0.0,10.0,0,Gourmet Costing,PINWHEELS,173
BASIL PINWHEEL,Pastry (20 x 13),Ingredient,gram,0.0,115.0,0,Gourmet Costing,PINWHEELS,174
BASIL PINWHEEL,Sunset Glaze,Ingredient,gram,0.0,2.5,0,Gourmet Costing,PINWHEELS,175
BASIL PINWHEEL,Outer Box,Ingredient,each,0.0,0.041666666666666664,0,Gourmet Costing,PINWHEELS,176
BASIL PINWHEEL,Foilene Sheets,Ingredient,each,0.0,3.0,0,Gourmet Costing,PINWHEELS,177
BASIL PINWHEEL,Label,Ingredient,each,0.0,0.041666666666666664,0,Gourmet Costing,PINWHEELS,178
BASIL PINWHEEL,Spice - Steak & Kidney,Ingredient,gram,0.29475,6.0,1.7685,Gourmet Costing,PINWHEELS,185
BASIL PINWHEEL,Metro FQ Beef Goulash,Ingredient,gram,0.0,34.0,0,Gourmet Costing,PINWHEELS,186
BASIL PINWHEEL,Liquid - Water,Ingredient,gram,0.0,40.0,0,Gourmet Costing,PINWHEELS,187
BASIL PINWHEEL,Pastry (20 x 13),Ingredient,gram,0.0,115.0,0,Gourmet Costing,PINWHEELS,188
BASIL PINWHEEL,Cornflour,Ingredient,gram,0.0,4.0,0,Gourmet Costing,PINWHEELS,189
BASIL PINWHEEL,Sunset Glaze,Ingredient,gram,0.0,2.5,0,Gourmet Costing,PINWHEELS,190
BASIL PINWHEEL,Outer Box,Ingredient,each,0.0,0.041666666666666664,0,Gourmet Costing,PINWHEELS,191
BASIL PINWHEEL,Foilene Sheets,Ingredient,each,0.0,3.0,0,Gourmet Costing,PINWHEELS,192
BASIL PINWHEEL,Label,Ingredient,each,0.0,0.041666666666666664,0,Gourmet Costing,PINWHEELS,193
BASIL PINWHEEL,PINWHEELS,Ingredient,each,0,0,3.2471111111111113,Gourmet Costing,PINWHEELS,196
BASIL PINWHEEL,PINWHEELS,Ingredient,BOX,0,0,175.344,Gourmet Costing,PINWHEELS,197
BASIL PINWHEEL,PINWHEELS,Ingredient,BOX,0,0,350.688,Gourmet Costing,PINWHEELS,198
ROOSTERKOEK,Chicken Bites,Ingredient,gram,0,0,34.95,Gourmet Costing,ROOSTERKOEK,5
ROOSTERKOEK,Salt,Ingredient,gram,0.023469999999999998,160.0,3.7552,Gourmet Costing,ROOSTERKOEK,6
ROOSTERKOEK,Garlic,Ingredient,gram,0.0,10.0,0,Gourmet Costing,ROOSTERKOEK,8
ROOSTERKOEK,White Onion,Ingredient,gram,0.0,115.0,0,Gourmet Costing,ROOSTERKOEK,9
ROOSTERKOEK,Celery,Ingredient,gram,0.0,2.5,0,Gourmet Costing,ROOSTERKOEK,10
ROOSTERKOEK,Flour,Ingredient,gram,0.01236,8800.0,108.768,Gourmet Costing,ROOSTERKOEK,11
ROOSTERKOEK,Wet yeast,Ingredient,gram,0.013800000000000003,560.0,7.7280000000000015,Gourmet Costing,ROOSTERKOEK,12
ROOSTERKOEK,Sugar,Ingredient,gram,0.01919,880.0,16.8872,Gourmet Costing,ROOSTERKOEK,13
ROOSTERKOEK,Gas,Ingredient,gram,0.00041,1000.0,0.41,Gourmet Costing,ROOSTERKOEK,14
ROOSTERKOEK,Tape,Ingredient,each,0.0149,500.0,7.45,Gourmet Costing,ROOSTERKOEK,24
ROOSTERKOEK,Halal sticker,Ingredient,each,7.999999999999999e-05,6000.0,0.48,Gourmet Costing,ROOSTERKOEK,25
ROOSTERKOEK,Lukewarm water,Ingredient,lt,0.0,750.0,0,Gourmet Costing,ROOSTERKOEK,28
ROOSTERKOEK,Box,Ingredient,each,0.0125,6000.0,75.0,Gourmet Costing,ROOSTERKOEK,29
ROOSTERKOEK,Eggs,Ingredient,each,0,0,2.29,Gourmet Costing,ROOSTERKOEK,30
ROOSTERKOEK,Label,Ingredient,each,0.00031999999999999997,12000.0,3.84,Gourmet Costing,ROOSTERKOEK,32
ROOSTERKOEK,Burger 60g,Ingredient,gram,0.05998,60.0,3.5987999999999998,Gourmet Costing,ROOSTERKOEK,39
ROOSTERKOEK,Tomato Braai Relish,Ingredient,gram,0.026869999999999998,10.0,0.2687,Gourmet Costing,ROOSTERKOEK,40
ROOSTERKOEK,Cheese Sauce,Ingredient,gram,0.10608999999999999,10.0,1.0609,Gourmet Costing,ROOSTERKOEK,41
ROOSTERKOEK,Pastry (20 x 13),Ingredient,gram,0.01236,115.0,1.4214,Gourmet Costing,ROOSTERKOEK,42
ROOSTERKOEK,Sunset Glaze,Ingredient,gram,0.07492000000000001,2.5,0.18730000000000002,Gourmet Costing,ROOSTERKOEK,43
ROOSTERKOEK,Outer Box,Ingredient,each,0.0125,0.041666666666666664,0.0005208333333333333,Gourmet Costing,ROOSTERKOEK,44
ROOSTERKOEK,Foilene Sheets,Ingredient,each,0.00014000000000000001,3.0,0.00042000000000000007,Gourmet Costing,ROOSTERKOEK,45
ROOSTERKOEK,Label,Ingredient,each,0.00032,0.041666666666666664,1.3333333333333333e-05,Gourmet Costing,ROOSTERKOEK,46
ROOSTERKOEK,Spice - Steak & Kidney,Ingredient,gram,0.06198,6.0,0.37188,Gourmet Costing,ROOSTERKOEK,53
ROOSTERKOEK,Metro FQ Beef Goulash,Ingredient,gram,0.08598000000000001,34.0,2.9233200000000004,Gourmet Costing,ROOSTERKOEK,54
ROOSTERKOEK,Liquid - Water,Ingredient,gram,0.0,40.0,0,Gourmet Costing,ROOSTERKOEK,55
ROOSTERKOEK,Pastry (20 x 13),Ingredient,gram,0.01236,115.0,1.4214,Gourmet Costing,ROOSTERKOEK,56
ROOSTERKOEK,Cornflour,Ingredient,gram,0.0140868,4.0,0.0563472,Gourmet Costing,ROOSTERKOEK,57
ROOSTERKOEK,Sunset Glaze,Ingredient,gram,0.07492000000000001,2.5,0.18730000000000002,Gourmet Costing,ROOSTERKOEK,58
ROOSTERKOEK,Outer Box,Ingredient,each,0.0125,0.041666666666666664,0.0005208333333333333,Gourmet Costing,ROOSTERKOEK,59
ROOSTERKOEK,Foilene Sheets,Ingredient,each,0.00014000000000000001,3.0,0.00042000000000000007,Gourmet Costing,ROOSTERKOEK,60
ROOSTERKOEK,Label,Ingredient,each,0.00032,0.041666666666666664,1.3333333333333333e-05,Gourmet Costing,ROOSTERKOEK,61
ROOSTERKOEK,100gr,Ingredient,each,2.3,2.517871111111111,5.791103555555555,Gourmet Costing,ROOSTERKOEK,64
VETKOEK,Chicken Bites,Ingredient,gram,0,0,34.95,Gourmet Costing,VETKOEK,5
VETKOEK,Salt,Ingredient,gram,0.0077,100.0,0.77,Gourmet Costing,VETKOEK,6
VETKOEK,Garlic,Ingredient,gram,0.0,10.0,0,Gourmet Costing,VETKOEK,8
VETKOEK,White Onion,Ingredient,gram,0.0,115.0,0,Gourmet Costing,VETKOEK,9
VETKOEK,Celery,Ingredient,gram,0.0,2.5,0,Gourmet Costing,VETKOEK,10
VETKOEK,Flour,Ingredient,gram,0.0125,1000.0,12.5,Gourmet Costing,VETKOEK,11
VETKOEK,Wet yeast,Ingredient,gram,0.0138,105.0,1.449,Gourmet Costing,VETKOEK,12
VETKOEK,Sugar,Ingredient,gram,0.02042,30.0,0.6126,Gourmet Costing,VETKOEK,13
VETKOEK,Oil,Ingredient,lt,0.03495000000000001,200.0,6.990000000000001,Gourmet Costing,VETKOEK,14
VETKOEK,Lukewarm water,Ingredient,lt,0.0,750.0,0,Gourmet Costing,VETKOEK,23
VETKOEK,Box,Ingredient,each,0.0125,2000.0,25.0,Gourmet Costing,VETKOEK,24
VETKOEK,Eggs,Ingredient,each,0,0,2.29,Gourmet Costing,VETKOEK,25
VETKOEK,Label,Ingredient,each,0.00032,8000.0,2.56,Gourmet Costing,VETKOEK,27
VETKOEK,Tape,Ingredient,each,0.014899999999999998,300.0,4.47,Gourmet Costing,VETKOEK,28
VETKOEK,Halal sticker,Ingredient,each,8e-05,4000.0,0.32,Gourmet Costing,VETKOEK,29
VETKOEK,Burger 60g,Ingredient,gram,0.05998,60.0,3.5987999999999998,Gourmet Costing,VETKOEK,37
VETKOEK,Tomato Braai Relish,Ingredient,gram,0.026869999999999998,10.0,0.2687,Gourmet Costing,VETKOEK,38
VETKOEK,Cheese Sauce,Ingredient,gram,0.10608999999999999,10.0,1.0609,Gourmet Costing,VETKOEK,39
VETKOEK,Pastry (20 x 13),Ingredient,gram,0.01236,115.0,1.4214,Gourmet Costing,VETKOEK,40
VETKOEK,Sunset Glaze,Ingredient,gram,0.07492000000000001,2.5,0.18730000000000002,Gourmet Costing,VETKOEK,41
VETKOEK,Outer Box,Ingredient,each,0.0125,0.041666666666666664,0.0005208333333333333,Gourmet Costing,VETKOEK,42
VETKOEK,Foilene Sheets,Ingredient,each,0.00014000000000000001,3.0,0.00042000000000000007,Gourmet Costing,VETKOEK,43
VETKOEK,Label,Ingredient,each,0.00032,0.041666666666666664,1.3333333333333333e-05,Gourmet Costing,VETKOEK,44
VETKOEK,Spice - Steak & Kidney,Ingredient,gram,0.06198,6.0,0.37188,Gourmet Costing,VETKOEK,51
VETKOEK,Metro FQ Beef Goulash,Ingredient,gram,0.08598000000000001,34.0,2.9233200000000004,Gourmet Costing,VETKOEK,52
VETKOEK,Liquid - Water,Ingredient,gram,0.0,40.0,0,Gourmet Costing,VETKOEK,53
VETKOEK,Pastry (20 x 13),Ingredient,gram,0.01236,115.0,1.4214,Gourmet Costing,VETKOEK,54
VETKOEK,Cornflour,Ingredient,gram,0.0140868,4.0,0.0563472,Gourmet Costing,VETKOEK,55
VETKOEK,Sunset Glaze,Ingredient,gram,0.07492000000000001,2.5,0.18730000000000002,Gourmet Costing,VETKOEK,56
VETKOEK,Outer Box,Ingredient,each,0.0125,0.041666666666666664,0.0005208333333333333,Gourmet Costing,VETKOEK,57
VETKOEK,Foilene Sheets,Ingredient,each,0.00014000000000000001,3.0,0.00042000000000000007,Gourmet Costing,VETKOEK,58
VETKOEK,Label,Ingredient,each,0.00032,0.041666666666666664,1.3333333333333333e-05,Gourmet Costing,VETKOEK,59
VETKOEK,100gr,Ingredient,each,2.3,1.4240400000000002,3.2752920000000003,Gourmet Costing,VETKOEK,62
VETKOEK,Salt,Ingredient,gram,0.0077,100.0,0.77,Gourmet Costing,VETKOEK,72
VETKOEK,Flour,Ingredient,kg,0.0125,4000.0,50.0,Gourmet Costing,VETKOEK,73
VETKOEK,Wet Yeast,Ingredient,gram,0.013800000000000002,200.0,2.7600000000000002,Gourmet Costing,VETKOEK,74
VETKOEK,Sugar,Ingredient,gram,0.0,100.0,0,Gourmet Costing,VETKOEK,75
VETKOEK,Oil,Ingredient,lt,0.03495,1000.0,34.95,Gourmet Costing,VETKOEK,76
VETKOEK,Lukewarm Water,Ingredient,lt,0.0,2473.0,0,Gourmet Costing,VETKOEK,77
VETKOEK,Box,Ingredient,each,0.012500000000000002,10666.0,133.32500000000002,Gourmet Costing,VETKOEK,78
VETKOEK,Label,Ingredient,each,0.00032,21332.0,6.82624,Gourmet Costing,VETKOEK,79
VETKOEK,Curry,Ingredient,kg,0.04995000000000001,200.0,9.990000000000002,Gourmet Costing,VETKOEK,81
VETKOEK,Mince,Ingredient,kg,0.0495,4000.0,198.0,Gourmet Costing,VETKOEK,82
VETKOEK,Frozen Veg,Ingredient,kg,0.02705,500.0,13.525,Gourmet Costing,VETKOEK,83
VETKOEK,Curry Spice Mix,Ingredient,kg,0.07437999999999999,300.0,22.313999999999997,Gourmet Costing,VETKOEK,84
VETKOEK,SOYA,Ingredient,kg,0.02995,400.0,11.98,Gourmet Costing,VETKOEK,85
VETKOEK,Garlic,Ingredient,gram,0.029990000000000003,100.0,2.999,Gourmet Costing,VETKOEK,86
VETKOEK,Tape,Ingredient,each,0.014900000000000002,800.0,11.920000000000002,Gourmet Costing,VETKOEK,87
VETKOEK,Halal sticker,Ingredient,each,8e-05,10666.0,0.85328,Gourmet Costing,VETKOEK,88
VETKOEK,180gr,Ingredient,each,2.3,3.3296168000000006,7.658118640000001,Gourmet Costing,VETKOEK,99
PLAIN CONFIT CHICKEN 280gr,Chicken Bites,Ingredient,kg,37.95,14.0,531.3000000000001,Gourmet Costing,PLAIN CONFIT CHICKEN,5
PLAIN CONFIT CHICKEN 280gr,Salt,Ingredient,kg,7.7,0.07,0.539,Gourmet Costing,PLAIN CONFIT CHICKEN,6
PLAIN CONFIT CHICKEN 280gr,Black Pepper,Ingredient,kg,59.95,0.01,0.5995,Gourmet Costing,PLAIN CONFIT CHICKEN,7
PLAIN CONFIT CHICKEN 280gr,Garlic,Ingredient,kg,34.95,0.2,6.990000000000001,Gourmet Costing,PLAIN CONFIT CHICKEN,8
PLAIN CONFIT CHICKEN 280gr,Frozen Oions,Ingredient,kg,21.0,5.0,105.0,Gourmet Costing,PLAIN CONFIT CHICKEN,9
PLAIN CONFIT CHICKEN 280gr,Frozen Mix Peppers,Ingredient,kg,17.0,5.0,85.0,Gourmet Costing,PLAIN CONFIT CHICKEN,10
PLAIN CONFIT CHICKEN 280gr,Flour,Ingredient,kg,12.5,0.37,4.625,Gourmet Costing,PLAIN CONFIT CHICKEN,11
PLAIN CONFIT CHICKEN 280gr,Corn Flour,Ingredient,kg,20.4,0.18,3.6719999999999997,Gourmet Costing,PLAIN CONFIT CHICKEN,12
PLAIN CONFIT CHICKEN 280gr,Rosemary,Ingredient,each,12.99,1.0,12.99,Gourmet Costing,PLAIN CONFIT CHICKEN,14
PLAIN CONFIT CHICKEN 280gr,Fresh Parsley,Ingredient,each,14.99,1.0,14.99,Gourmet Costing,PLAIN CONFIT CHICKEN,15
PLAIN CONFIT CHICKEN 280gr,Thyme,Ingredient,each,12.99,1.0,12.99,Gourmet Costing,PLAIN CONFIT CHICKEN,19
PLAIN CONFIT CHICKEN 280gr,Water,Ingredient,lt,0.0,1500.0,0,Gourmet Costing,PLAIN CONFIT CHICKEN,20
PLAIN CONFIT CHICKEN 280gr,foilene sheets,Ingredient,each,0.14,22.0,3.08,Gourmet Costing,PLAIN CONFIT CHICKEN,21
PLAIN CONFIT CHICKEN 280gr,Chicken Stock,Ingredient,lt,61.98,0.75,46.485,Gourmet Costing,PLAIN CONFIT CHICKEN,22
PLAIN CONFIT CHICKEN 280gr,Oil Blend,Ingredient,lt,34.95,0.2,6.990000000000001,Gourmet Costing,PLAIN CONFIT CHICKEN,23
PLAIN CONFIT CHICKEN 280gr,Box,Ingredient,each,12.500000000000002,10.687,133.5875,Gourmet Costing,PLAIN CONFIT CHICKEN,24
PLAIN CONFIT CHICKEN 280gr,Wooden spoon,Ingredient,kg,33.0,1.0,33.0,Gourmet Costing,PLAIN CONFIT CHICKEN,26
PLAIN CONFIT CHICKEN 280gr,Puff Pastry,Ingredient,kg,12.729999999999999,23.946,304.83258,Gourmet Costing,PLAIN CONFIT CHICKEN,27
PLAIN CONFIT CHICKEN 280gr,Foil Bakkie,Ingredient,each,0.9199999999999999,171.0,157.32,Gourmet Costing,PLAIN CONFIT CHICKEN,28
PLAIN CONFIT CHICKEN 280gr,Eggs,Ingredient,each,2.97,5.0,14.850000000000001,Gourmet Costing,PLAIN CONFIT CHICKEN,29
PLAIN CONFIT CHICKEN 280gr,Tape,Ingredient,each,14.9,1.0,14.9,Gourmet Costing,PLAIN CONFIT CHICKEN,30
PLAIN CONFIT CHICKEN 280gr,Halal sticker,Ingredient,each,0.08,11.0,0.88,Gourmet Costing,PLAIN CONFIT CHICKEN,31
PLAIN CONFIT CHICKEN 280gr,Large Potatoes,Ingredient,kg,9.9,5.0,49.5,Gourmet Costing,PLAIN CONFIT CHICKEN,32
PLAIN CONFIT CHICKEN 280gr,Label,Ingredient,each,0.32,22.0,7.04,Gourmet Costing,PLAIN CONFIT CHICKEN,35
PLAIN CONFIT CHICKEN 280gr,29KG,Ingredient,PORT,0.053047453233473554,171.0,9.071114502923978,Gourmet Costing,PLAIN CONFIT CHICKEN,37
PLAIN CONFIT CHICKEN 280gr,Burger 60g,Ingredient,gram,0.05998,60.0,3.5987999999999998,Gourmet Costing,PLAIN CONFIT CHICKEN,42
PLAIN CONFIT CHICKEN 280gr,Tomato Braai Relish,Ingredient,gram,0.026869999999999998,10.0,0.2687,Gourmet Costing,PLAIN CONFIT CHICKEN,43
PLAIN CONFIT CHICKEN 280gr,Cheese Sauce,Ingredient,gram,0.10608999999999999,10.0,1.0609,Gourmet Costing,PLAIN CONFIT CHICKEN,44
PLAIN CONFIT CHICKEN 280gr,Pastry (20 x 13),Ingredient,gram,0.01236,115.0,1.4214,Gourmet Costing,PLAIN CONFIT CHICKEN,45
PLAIN CONFIT CHICKEN 280gr,Sunset Glaze,Ingredient,gram,0.07492000000000001,2.5,0.18730000000000002,Gourmet Costing,PLAIN CONFIT CHICKEN,46
PLAIN CONFIT CHICKEN 280gr,Outer Box,Ingredient,each,0.0125,0.041666666666666664,0.0005208333333333333,Gourmet Costing,PLAIN CONFIT CHICKEN,47
PLAIN CONFIT CHICKEN 280gr,Foilene Sheets,Ingredient,each,0.00014000000000000001,3.0,0.00042000000000000007,Gourmet Costing,PLAIN CONFIT CHICKEN,48
PLAIN CONFIT CHICKEN 280gr,Label,Ingredient,each,0.00032,0.041666666666666664,1.3333333333333333e-05,Gourmet Costing,PLAIN CONFIT CHICKEN,49
PLAIN CONFIT CHICKEN 280gr,Spice - Steak & Kidney,Ingredient,gram,0.06198,6.0,0.37188,Gourmet Costing,PLAIN CONFIT CHICKEN,56
PLAIN CONFIT CHICKEN 280gr,Metro FQ Beef Goulash,Ingredient,gram,0.08598000000000001,34.0,2.9233200000000004,Gourmet Costing,PLAIN CONFIT CHICKEN,57
PLAIN CONFIT CHICKEN 280gr,Liquid - Water,Ingredient,gram,0.0,40.0,0,Gourmet Costing,PLAIN CONFIT CHICKEN,58
PLAIN CONFIT CHICKEN 280gr,Pastry (20 x 13),Ingredient,gram,0.01236,115.0,1.4214,Gourmet Costing,PLAIN CONFIT CHICKEN,59
PLAIN CONFIT CHICKEN 280gr,Cornflour,Ingredient,gram,0.0140868,4.0,0.0563472,Gourmet Costing,PLAIN CONFIT CHICKEN,60
PLAIN CONFIT CHICKEN 280gr,Sunset Glaze,Ingredient,gram,0.07492000000000001,2.5,0.18730000000000002,Gourmet Costing,PLAIN CONFIT CHICKEN,61
PLAIN CONFIT CHICKEN 280gr,Outer Box,Ingredient,each,0.0125,0.041666666666666664,0.0005208333333333333,Gourmet Costing,PLAIN CONFIT CHICKEN,62
PLAIN CONFIT CHICKEN 280gr,Foilene Sheets,Ingredient,each,0.00014000000000000001,3.0,0.00042000000000000007,Gourmet Costing,PLAIN CONFIT CHICKEN,63
PLAIN CONFIT CHICKEN 280gr,Label,Ingredient,each,0.00032,0.041666666666666664,1.3333333333333333e-05,Gourmet Costing,PLAIN CONFIT CHICKEN,64
PLAIN CONFIT CHICKEN 280gr,280gr Pies,Ingredient,each,0,0,9.943337051282052,Gourmet Costing,PLAIN CONFIT CHICKEN,67
GREEN PEPPERCORN BRISKET 280gr,Beef Brisket Bone In,Ingredient,kg,78.5,12.0,942.0,Gourmet Costing,GREEN PEPPERCORN BRISKET,5
GREEN PEPPERCORN BRISKET 280gr,Beef Brisket Bone Out,Ingredient,kg,110.98,4.0,443.92,Gourmet Costing,GREEN PEPPERCORN BRISKET,6
GREEN PEPPERCORN BRISKET 280gr,Salt,Ingredient,kg,7.7,0.1,0.77,Gourmet Costing,GREEN PEPPERCORN BRISKET,7
GREEN PEPPERCORN BRISKET 280gr,Black Pepper,Ingredient,kg,59.95,0.01,0.5995,Gourmet Costing,GREEN PEPPERCORN BRISKET,8
GREEN PEPPERCORN BRISKET 280gr,Garlic,Ingredient,kg,34.95,0.2,6.990000000000001,Gourmet Costing,GREEN PEPPERCORN BRISKET,9
GREEN PEPPERCORN BRISKET 280gr,Frozen onion,Ingredient,kg,59.95,5.0,299.75,Gourmet Costing,GREEN PEPPERCORN BRISKET,10
GREEN PEPPERCORN BRISKET 280gr,Flour,Ingredient,kg,12.5,0.15,1.875,Gourmet Costing,GREEN PEPPERCORN BRISKET,12
GREEN PEPPERCORN BRISKET 280gr,Corn Flour,Ingredient,kg,20.4,0.2,4.08,Gourmet Costing,GREEN PEPPERCORN BRISKET,13
GREEN PEPPERCORN BRISKET 280gr,Foilene sheets,Ingredient,each,0.14,26.0,3.6400000000000006,Gourmet Costing,GREEN PEPPERCORN BRISKET,14
GREEN PEPPERCORN BRISKET 280gr,Rosemary,Ingredient,each,12.99,1.0,12.99,Gourmet Costing,GREEN PEPPERCORN BRISKET,15
GREEN PEPPERCORN BRISKET 280gr,Fresh Parsley,Ingredient,each,14.99,1.0,14.99,Gourmet Costing,GREEN PEPPERCORN BRISKET,16
GREEN PEPPERCORN BRISKET 280gr,Frozen Green Pepper,Ingredient,kg,17.0,2.5,42.5,Gourmet Costing,GREEN PEPPERCORN BRISKET,19
GREEN PEPPERCORN BRISKET 280gr,Thyme,Ingredient,kg,12.99,1.0,12.99,Gourmet Costing,GREEN PEPPERCORN BRISKET,20
GREEN PEPPERCORN BRISKET 280gr,Water,Ingredient,lt,0.0,1.5,0,Gourmet Costing,GREEN PEPPERCORN BRISKET,21
GREEN PEPPERCORN BRISKET 280gr,Beef Stock (liquid),Ingredient,lt,0.0,5500.0,0,Gourmet Costing,GREEN PEPPERCORN BRISKET,23
GREEN PEPPERCORN BRISKET 280gr,Peppersteak Gravy,Ingredient,kg,55.98,0.75,41.985,Gourmet Costing,GREEN PEPPERCORN BRISKET,24
GREEN PEPPERCORN BRISKET 280gr,Green Peppercorn,Ingredient,kg,75.0,0.5,37.5,Gourmet Costing,GREEN PEPPERCORN BRISKET,25
GREEN PEPPERCORN BRISKET 280gr,Oil,Ingredient,lt,34.95,0.2,6.990000000000001,Gourmet Costing,GREEN PEPPERCORN BRISKET,26
GREEN PEPPERCORN BRISKET 280gr,Box,Ingredient,each,12.5,12.875,160.9375,Gourmet Costing,GREEN PEPPERCORN BRISKET,27
GREEN PEPPERCORN BRISKET 280gr,Puff Pastry,Ingredient,each,12.73,28.84,367.1332,Gourmet Costing,GREEN PEPPERCORN BRISKET,29
GREEN PEPPERCORN BRISKET 280gr,Large Potatoes,Ingredient,kg,0.0099,5000.0,49.5,Gourmet Costing,GREEN PEPPERCORN BRISKET,30
GREEN PEPPERCORN BRISKET 280gr,Foil Bakkie,Ingredient,each,0.92,206.0,189.52,Gourmet Costing,GREEN PEPPERCORN BRISKET,33
GREEN PEPPERCORN BRISKET 280gr,Eggs,Ingredient,each,2.27,5.0,11.35,Gourmet Costing,GREEN PEPPERCORN BRISKET,34
GREEN PEPPERCORN BRISKET 280gr,Tape,Ingredient,each,14.9,1.0,14.9,Gourmet Costing,GREEN PEPPERCORN BRISKET,35
GREEN PEPPERCORN BRISKET 280gr,Halal sticker,Ingredient,each,0.08,13.0,1.04,Gourmet Costing,GREEN PEPPERCORN BRISKET,36
GREEN PEPPERCORN BRISKET 280gr,Label,Ingredient,each,0.32,26.0,8.32,Gourmet Costing,GREEN PEPPERCORN BRISKET,37
GREEN PEPPERCORN BRISKET 280gr,33KG,Ingredient,PORT,0.06306603355641437,206.0,12.991602912621358,Gourmet Costing,GREEN PEPPERCORN BRISKET,39
GREEN PEPPERCORN BRISKET 280gr,Burger 60g,Ingredient,gram,0.05998,60.0,3.5987999999999998,Gourmet Costing,GREEN PEPPERCORN BRISKET,44
GREEN PEPPERCORN BRISKET 280gr,Tomato Braai Relish,Ingredient,gram,0.026869999999999998,10.0,0.2687,Gourmet Costing,GREEN PEPPERCORN BRISKET,45
GREEN PEPPERCORN BRISKET 280gr,Cheese Sauce,Ingredient,gram,0.10608999999999999,10.0,1.0609,Gourmet Costing,GREEN PEPPERCORN BRISKET,46
GREEN PEPPERCORN BRISKET 280gr,Pastry (20 x 13),Ingredient,gram,0.01236,115.0,1.4214,Gourmet Costing,GREEN PEPPERCORN BRISKET,47
GREEN PEPPERCORN BRISKET 280gr,Sunset Glaze,Ingredient,gram,0.07492000000000001,2.5,0.18730000000000002,Gourmet Costing,GREEN PEPPERCORN BRISKET,48
GREEN PEPPERCORN BRISKET 280gr,Outer Box,Ingredient,each,0.0125,0.041666666666666664,0.0005208333333333333,Gourmet Costing,GREEN PEPPERCORN BRISKET,49
GREEN PEPPERCORN BRISKET 280gr,Foilene Sheets,Ingredient,each,0.00014000000000000001,3.0,0.00042000000000000007,Gourmet Costing,GREEN PEPPERCORN BRISKET,50
GREEN PEPPERCORN BRISKET 280gr,Label,Ingredient,each,0.00032,0.041666666666666664,1.3333333333333333e-05,Gourmet Costing,GREEN PEPPERCORN BRISKET,51
GREEN PEPPERCORN BRISKET 280gr,Spice - Steak & Kidney,Ingredient,gram,0.06198,6.0,0.37188,Gourmet Costing,GREEN PEPPERCORN BRISKET,58
GREEN PEPPERCORN BRISKET 280gr,Metro FQ Beef Goulash,Ingredient,gram,0.08598000000000001,34.0,2.9233200000000004,Gourmet Costing,GREEN PEPPERCORN BRISKET,59
GREEN PEPPERCORN BRISKET 280gr,Liquid - Water,Ingredient,gram,0.0,40.0,0,Gourmet Costing,GREEN PEPPERCORN BRISKET,60
GREEN PEPPERCORN BRISKET 280gr,Pastry (20 x 13),Ingredient,gram,0.01236,115.0,1.4214,Gourmet Costing,GREEN PEPPERCORN BRISKET,61
GREEN PEPPERCORN BRISKET 280gr,Cornflour,Ingredient,gram,0.0140868,4.0,0.0563472,Gourmet Costing,GREEN PEPPERCORN BRISKET,62
GREEN PEPPERCORN BRISKET 280gr,Sunset Glaze,Ingredient,gram,0.07492000000000001,2.5,0.18730000000000002,Gourmet Costing,GREEN PEPPERCORN BRISKET,63
GREEN PEPPERCORN BRISKET 280gr,Outer Box,Ingredient,each,0.0125,0.041666666666666664,0.0005208333333333333,Gourmet Costing,GREEN PEPPERCORN BRISKET,64
GREEN PEPPERCORN BRISKET 280gr,Foilene Sheets,Ingredient,each,0.00014000000000000001,3.0,0.00042000000000000007,Gourmet Costing,GREEN PEPPERCORN BRISKET,65
GREEN PEPPERCORN BRISKET 280gr,Label,Ingredient,each,0.00032,0.041666666666666664,1.3333333333333333e-05,Gourmet Costing,GREEN PEPPERCORN BRISKET,66
GREEN PEPPERCORN BRISKET 280gr,280gr Pies,Ingredient,each,0,0,12.991602912621358,Gourmet Costing,GREEN PEPPERCORN BRISKET,69
BABOTI BRISKET 280gr,Beef Brisket Bone in,Ingredient,kg,78.5,12.0,942.0,Gourmet Costing,BOBOTIE BRISKET,5
BABOTI BRISKET 280gr,Beef Brisket,Ingredient,kg,110.98,3.0,332.94,Gourmet Costing,BOBOTIE BRISKET,6
BABOTI BRISKET 280gr,Salt,Ingredient,kg,7.7,0.04,0.308,Gourmet Costing,BOBOTIE BRISKET,7
BABOTI BRISKET 280gr,Black Pepper,Ingredient,kg,59.95,0.02,1.199,Gourmet Costing,BOBOTIE BRISKET,8
BABOTI BRISKET 280gr,Garlic,Ingredient,kg,34.95,0.2,6.990000000000001,Gourmet Costing,BOBOTIE BRISKET,9
BABOTI BRISKET 280gr,Frozen Onions,Ingredient,kg,21.0,5.0,105.0,Gourmet Costing,BOBOTIE BRISKET,10
BABOTI BRISKET 280gr,Flour,Ingredient,kg,12.5,0.2,2.5,Gourmet Costing,BOBOTIE BRISKET,12
BABOTI BRISKET 280gr,Coriander seeds,Ingredient,kg,42.44,0.03,1.2731999999999999,Gourmet Costing,BOBOTIE BRISKET,13
BABOTI BRISKET 280gr,Corn Flour,Ingredient,kg,20.4,0.15,3.0599999999999996,Gourmet Costing,BOBOTIE BRISKET,14
BABOTI BRISKET 280gr,foilene sheets,Ingredient,each,0.14,20.0,2.8000000000000003,Gourmet Costing,BOBOTIE BRISKET,15
BABOTI BRISKET 280gr,Fresh Parsley,Ingredient,each,14.99,1.0,14.99,Gourmet Costing,BOBOTIE BRISKET,17
BABOTI BRISKET 280gr,Fresh Coriander,Ingredient,each,12.99,1.0,12.99,Gourmet Costing,BOBOTIE BRISKET,18
BABOTI BRISKET 280gr,Chutney,Ingredient,lt,12.53,1.0,12.53,Gourmet Costing,BOBOTIE BRISKET,19
BABOTI BRISKET 280gr,Bay Leaves,Ingredient,gr,58.99999999999999,0.01,0.59,Gourmet Costing,BOBOTIE BRISKET,20
BABOTI BRISKET 280gr,Water,Ingredient,lt,0.0,1.5,0,Gourmet Costing,BOBOTIE BRISKET,22
BABOTI BRISKET 280gr,Beef Stock (liquid),Ingredient,lt,0.0,5500.0,0,Gourmet Costing,BOBOTIE BRISKET,24
BABOTI BRISKET 280gr,Curry Powder,Ingredient,kg,49.95,0.5,24.975,Gourmet Costing,BOBOTIE BRISKET,25
BABOTI BRISKET 280gr,Water,Ingredient,lt,0.0,6.0,0,Gourmet Costing,BOBOTIE BRISKET,26
BABOTI BRISKET 280gr,Oil,Ingredient,lt,34.95,0.2,6.990000000000001,Gourmet Costing,BOBOTIE BRISKET,27
BABOTI BRISKET 280gr,Box,Ingredient,each,12.5,10.125,126.5625,Gourmet Costing,BOBOTIE BRISKET,28
BABOTI BRISKET 280gr,Curry Gravy,Ingredient,kg,49.95000000000001,0.1,4.995000000000001,Gourmet Costing,BOBOTIE BRISKET,29
BABOTI BRISKET 280gr,Puff Pastry,Ingredient,each,12.73,22.68,288.7164,Gourmet Costing,BOBOTIE BRISKET,30
BABOTI BRISKET 280gr,Foil Bakkie,Ingredient,each,0.9200000000000002,162.0,149.04000000000002,Gourmet Costing,BOBOTIE BRISKET,31
BABOTI BRISKET 280gr,Eggs,Ingredient,each,2.27,5.0,11.35,Gourmet Costing,BOBOTIE BRISKET,32
BABOTI BRISKET 280gr,Tape,Ingredient,each,14.9,1.0,14.9,Gourmet Costing,BOBOTIE BRISKET,33
BABOTI BRISKET 280gr,Halal sticker,Ingredient,each,0.08,10.13,0.8104000000000001,Gourmet Costing,BOBOTIE BRISKET,34
BABOTI BRISKET 280gr,Large Potatoes,Ingredient,kg,9.9,8.0,79.2,Gourmet Costing,BOBOTIE BRISKET,35
BABOTI BRISKET 280gr,Label,Ingredient,each,0.32,20.0,6.4,Gourmet Costing,BOBOTIE BRISKET,38
BABOTI BRISKET 280gr,26kg,Ingredient,PORT,0.0820419714982472,162.0,13.290799382716047,Gourmet Costing,BOBOTIE BRISKET,40
BABOTI BRISKET 280gr,Burger 60g,Ingredient,gram,0.05998,60.0,3.5987999999999998,Gourmet Costing,BOBOTIE BRISKET,45
BABOTI BRISKET 280gr,Tomato Braai Relish,Ingredient,gram,0.026869999999999998,10.0,0.2687,Gourmet Costing,BOBOTIE BRISKET,46
BABOTI BRISKET 280gr,Cheese Sauce,Ingredient,gram,0.10608999999999999,10.0,1.0609,Gourmet Costing,BOBOTIE BRISKET,47
BABOTI BRISKET 280gr,Pastry (20 x 13),Ingredient,gram,0.01236,115.0,1.4214,Gourmet Costing,BOBOTIE BRISKET,48
BABOTI BRISKET 280gr,Sunset Glaze,Ingredient,gram,0.07492000000000001,2.5,0.18730000000000002,Gourmet Costing,BOBOTIE BRISKET,49
BABOTI BRISKET 280gr,Outer Box,Ingredient,each,0.0125,0.041666666666666664,0.0005208333333333333,Gourmet Costing,BOBOTIE BRISKET,50
BABOTI BRISKET 280gr,Foilene Sheets,Ingredient,each,0.00014000000000000001,3.0,0.00042000000000000007,Gourmet Costing,BOBOTIE BRISKET,51
BABOTI BRISKET 280gr,Label,Ingredient,each,0.00032,0.041666666666666664,1.3333333333333333e-05,Gourmet Costing,BOBOTIE BRISKET,52
BABOTI BRISKET 280gr,Spice - Steak & Kidney,Ingredient,gram,0.06198,6.0,0.37188,Gourmet Costing,BOBOTIE BRISKET,59
BABOTI BRISKET 280gr,Metro FQ Beef Goulash,Ingredient,gram,0.08598000000000001,34.0,2.9233200000000004,Gourmet Costing,BOBOTIE BRISKET,60
BABOTI BRISKET 280gr,Liquid - Water,Ingredient,gram,0.0,40.0,0,Gourmet Costing,BOBOTIE BRISKET,61
BABOTI BRISKET 280gr,Pastry (20 x 13),Ingredient,gram,0.01236,115.0,1.4214,Gourmet Costing,BOBOTIE BRISKET,62
BABOTI BRISKET 280gr,Cornflour,Ingredient,gram,0.0140868,4.0,0.0563472,Gourmet Costing,BOBOTIE BRISKET,63
BABOTI BRISKET 280gr,Sunset Glaze,Ingredient,gram,0.07492000000000001,2.5,0.18730000000000002,Gourmet Costing,BOBOTIE BRISKET,64
BABOTI BRISKET 280gr,Outer Box,Ingredient,each,0.0125,0.041666666666666664,0.0005208333333333333,Gourmet Costing,BOBOTIE BRISKET,65
BABOTI BRISKET 280gr,Foilene Sheets,Ingredient,each,0.00014000000000000001,3.0,0.00042000000000000007,Gourmet Costing,BOBOTIE BRISKET,66
BABOTI BRISKET 280gr,Label,Ingredient,each,0.00032,0.041666666666666664,1.3333333333333333e-05,Gourmet Costing,BOBOTIE BRISKET,67
BABOTI BRISKET 280gr,280gr Pies,Ingredient,each,0,0,13.290799382716047,Gourmet Costing,BOBOTIE BRISKET,70
KAROO LAMB 280gr,Lamb,Ingredient,kg,174.98,12.0,2099.7599999999998,Gourmet Costing,KAROO LAMB,5
KAROO LAMB 280gr,Salt,Ingredient,kg,7.7,0.1,0.77,Gourmet Costing,KAROO LAMB,7
KAROO LAMB 280gr,Black Pepper,Ingredient,kg,50.4,0.01,0.504,Gourmet Costing,KAROO LAMB,8
KAROO LAMB 280gr,Garlic,Ingredient,kg,34.95,0.2,6.990000000000001,Gourmet Costing,KAROO LAMB,9
KAROO LAMB 280gr,Frozen Onion,Ingredient,kg,21.0,5.0,105.0,Gourmet Costing,KAROO LAMB,10
KAROO LAMB 280gr,Flour,Ingredient,kg,12.5,0.2,2.5,Gourmet Costing,KAROO LAMB,12
KAROO LAMB 280gr,Corn Flour,Ingredient,kg,20.4,0.3,6.119999999999999,Gourmet Costing,KAROO LAMB,14
KAROO LAMB 280gr,Rosemary,Ingredient,each,12.99,3.0,38.97,Gourmet Costing,KAROO LAMB,16
KAROO LAMB 280gr,Fresh Parsley,Ingredient,each,14.99,1.0,14.99,Gourmet Costing,KAROO LAMB,17
KAROO LAMB 280gr,Worcestershire sauce,Ingredient,lt,10.949999999999998,3.0,32.849999999999994,Gourmet Costing,KAROO LAMB,22
KAROO LAMB 280gr,Lamb Stock (liquid),Ingredient,lt,0.0,6.8,0,Gourmet Costing,KAROO LAMB,24
KAROO LAMB 280gr,Foilene Sheets,Ingredient,each,0.14,28.0,3.9200000000000004,Gourmet Costing,KAROO LAMB,25
KAROO LAMB 280gr,Water,Ingredient,lt,0.0,6.0,0,Gourmet Costing,KAROO LAMB,26
KAROO LAMB 280gr,Oil,Ingredient,lt,34.95,0.2,6.990000000000001,Gourmet Costing,KAROO LAMB,27
KAROO LAMB 280gr,Box,Ingredient,each,12.5,13.625,170.3125,Gourmet Costing,KAROO LAMB,28
KAROO LAMB 280gr,Puff Pastry,Ingredient,each,12.73,30.52,388.5196,Gourmet Costing,KAROO LAMB,30
KAROO LAMB 280gr,Large Potatoes,Ingredient,kg,9.9,10.0,99.0,Gourmet Costing,KAROO LAMB,31
KAROO LAMB 280gr,Label,Ingredient,each,0.32,28.0,8.96,Gourmet Costing,KAROO LAMB,34
KAROO LAMB 280gr,Foil Bakkie,Ingredient,each,0.92,218.0,200.56,Gourmet Costing,KAROO LAMB,35
KAROO LAMB 280gr,Eggs,Ingredient,each,2.27,1.0,2.27,Gourmet Costing,KAROO LAMB,36
KAROO LAMB 280gr,Tape,Ingredient,each,14.9,1.0,14.9,Gourmet Costing,KAROO LAMB,37
KAROO LAMB 280gr,Halal sticker,Ingredient,each,0.08,14.0,1.12,Gourmet Costing,KAROO LAMB,38
KAROO LAMB 280gr,35KG,Ingredient,PORT,0.0628346961535224,218.0,13.697963761467884,Gourmet Costing,KAROO LAMB,40
KAROO LAMB 280gr,Burger 60g,Ingredient,gram,0.05998,60.0,3.5987999999999998,Gourmet Costing,KAROO LAMB,45
KAROO LAMB 280gr,Tomato Braai Relish,Ingredient,gram,0.026869999999999998,10.0,0.2687,Gourmet Costing,KAROO LAMB,46
KAROO LAMB 280gr,Cheese Sauce,Ingredient,gram,0.10608999999999999,10.0,1.0609,Gourmet Costing,KAROO LAMB,47
KAROO LAMB 280gr,Pastry (20 x 13),Ingredient,gram,0.01236,115.0,1.4214,Gourmet Costing,KAROO LAMB,48
KAROO LAMB 280gr,Sunset Glaze,Ingredient,gram,0.07492000000000001,2.5,0.18730000000000002,Gourmet Costing,KAROO LAMB,49
KAROO LAMB 280gr,Outer Box,Ingredient,each,0.0125,0.041666666666666664,0.0005208333333333333,Gourmet Costing,KAROO LAMB,50
KAROO LAMB 280gr,Foilene Sheets,Ingredient,each,0.00014000000000000001,3.0,0.00042000000000000007,Gourmet Costing,KAROO LAMB,51
KAROO LAMB 280gr,Label,Ingredient,each,0.00032,0.041666666666666664,1.3333333333333333e-05,Gourmet Costing,KAROO LAMB,52
KAROO LAMB 280gr,Spice - Steak & Kidney,Ingredient,gram,0.06198,6.0,0.37188,Gourmet Costing,KAROO LAMB,59
KAROO LAMB 280gr,Metro FQ Beef Goulash,Ingredient,gram,0.08598000000000001,34.0,2.9233200000000004,Gourmet Costing,KAROO LAMB,60
KAROO LAMB 280gr,Liquid - Water,Ingredient,gram,0.0,40.0,0,Gourmet Costing,KAROO LAMB,61
KAROO LAMB 280gr,Pastry (20 x 13),Ingredient,gram,0.01236,115.0,1.4214,Gourmet Costing,KAROO LAMB,62
KAROO LAMB 280gr,Cornflour,Ingredient,gram,0.0140868,4.0,0.0563472,Gourmet Costing,KAROO LAMB,63
KAROO LAMB 280gr,Sunset Glaze,Ingredient,gram,0.07492000000000001,2.5,0.18730000000000002,Gourmet Costing,KAROO LAMB,64
KAROO LAMB 280gr,Outer Box,Ingredient,each,0.0125,0.041666666666666664,0.0005208333333333333,Gourmet Costing,KAROO LAMB,65
KAROO LAMB 280gr,Foilene Sheets,Ingredient,each,0.00014000000000000001,3.0,0.00042000000000000007,Gourmet Costing,KAROO LAMB,66
KAROO LAMB 280gr,Label,Ingredient,each,0.00032,0.041666666666666664,1.3333333333333333e-05,Gourmet Costing,KAROO LAMB,67
KAROO LAMB 280gr,280gr Pies,Ingredient,each,0,0,13.697963761467884,Gourmet Costing,KAROO LAMB,70
CAPE MALAY LAMB 280gr,Lamb Stock,Ingredient,kg,0.17497999999999997,12000.0,2099.7599999999998,Gourmet Costing,CAPE MALAY LAMB,6
CAPE MALAY LAMB 280gr,Salt,Ingredient,kg,0.007699999999999999,55.0,0.4235,Gourmet Costing,CAPE MALAY LAMB,7
CAPE MALAY LAMB 280gr,Garlic,Ingredient,kg,0.03495000000000001,200.0,6.990000000000001,Gourmet Costing,CAPE MALAY LAMB,9
CAPE MALAY LAMB 280gr,White Onion,Ingredient,kg,0.01414,2000.0,28.28,Gourmet Costing,CAPE MALAY LAMB,10
CAPE MALAY LAMB 280gr,Tomatoes,Ingredient,kg,0.01599,1000.0,15.99,Gourmet Costing,CAPE MALAY LAMB,11
CAPE MALAY LAMB 280gr,White Sugar,Ingredient,kg,0.02042,80.0,1.6336000000000002,Gourmet Costing,CAPE MALAY LAMB,12
CAPE MALAY LAMB 280gr,Ground Cinnamon,Ingredient,kg,0.08900000000000001,25.0,2.225,Gourmet Costing,CAPE MALAY LAMB,13
CAPE MALAY LAMB 280gr,Nutmeg,Ingredient,kg,0.22000000000000003,10.0,2.2,Gourmet Costing,CAPE MALAY LAMB,14
CAPE MALAY LAMB 280gr,Ground Ginger,Ingredient,kg,0.08370000000000001,35.0,2.9295000000000004,Gourmet Costing,CAPE MALAY LAMB,15
CAPE MALAY LAMB 280gr,Borrie,Ingredient,kg,0.04366,50.0,2.183,Gourmet Costing,CAPE MALAY LAMB,16
CAPE MALAY LAMB 280gr,Cayen Pepper,Ingredient,kg,0.06573999999999999,45.0,2.9582999999999995,Gourmet Costing,CAPE MALAY LAMB,17
CAPE MALAY LAMB 280gr,Chilli flakes,Ingredient,kg,0.09754000000000002,25.0,2.4385000000000003,Gourmet Costing,CAPE MALAY LAMB,18
CAPE MALAY LAMB 280gr,Cumin Powder,Ingredient,kg,0.0762,80.0,6.096,Gourmet Costing,CAPE MALAY LAMB,19
CAPE MALAY LAMB 280gr,Coriander Powder,Ingredient,kg,0.04914,40.0,1.9656,Gourmet Costing,CAPE MALAY LAMB,20
CAPE MALAY LAMB 280gr,Curry Leaves,Ingredient,kg,0.04995000000000001,50.0,2.4975000000000005,Gourmet Costing,CAPE MALAY LAMB,21
CAPE MALAY LAMB 280gr,Fresh Coriander,Ingredient,each,0.01299,2500.0,32.475,Gourmet Costing,CAPE MALAY LAMB,22
CAPE MALAY LAMB 280gr,Baby Marrow,Ingredient,each,0.02499,500.0,12.495,Gourmet Costing,CAPE MALAY LAMB,23
CAPE MALAY LAMB 280gr,Lamb Stock (liquid),Ingredient,lt,0.0,6.8,0,Gourmet Costing,CAPE MALAY LAMB,24
CAPE MALAY LAMB 280gr,Tomato Paste,Ingredient,kg,0.02687,200.0,5.3740000000000006,Gourmet Costing,CAPE MALAY LAMB,26
CAPE MALAY LAMB 280gr,Oil,Ingredient,lt,0.03495000000000001,200.0,6.990000000000001,Gourmet Costing,CAPE MALAY LAMB,27
CAPE MALAY LAMB 280gr,Box,Ingredient,each,0.012499999999999999,11289.0,141.11249999999998,Gourmet Costing,CAPE MALAY LAMB,28
CAPE MALAY LAMB 280gr,Puff Pastry,Ingredient,each,0.01273,17000.0,216.41,Gourmet Costing,CAPE MALAY LAMB,30
CAPE MALAY LAMB 280gr,Large Potatoes,Ingredient,kg,0.0099,10000.0,99.0,Gourmet Costing,CAPE MALAY LAMB,31
CAPE MALAY LAMB 280gr,Label,Ingredient,each,0.00032,20000.0,6.4,Gourmet Costing,CAPE MALAY LAMB,34
CAPE MALAY LAMB 280gr,"28,9KG",Ingredient,PORT,0.0832971296296296,180.0,14.993483333333327,Gourmet Costing,CAPE MALAY LAMB,36
CAPE MALAY LAMB 280gr,Burger 60g,Ingredient,gram,0.05998,60.0,3.5987999999999998,Gourmet Costing,CAPE MALAY LAMB,41
CAPE MALAY LAMB 280gr,Tomato Braai Relish,Ingredient,gram,0.026869999999999998,10.0,0.2687,Gourmet Costing,CAPE MALAY LAMB,42
CAPE MALAY LAMB 280gr,Cheese Sauce,Ingredient,gram,0.10608999999999999,10.0,1.0609,Gourmet Costing,CAPE MALAY LAMB,43
CAPE MALAY LAMB 280gr,Pastry (20 x 13),Ingredient,gram,0.01236,115.0,1.4214,Gourmet Costing,CAPE MALAY LAMB,44
CAPE MALAY LAMB 280gr,Sunset Glaze,Ingredient,gram,0.07492000000000001,2.5,0.18730000000000002,Gourmet Costing,CAPE MALAY LAMB,45
CAPE MALAY LAMB 280gr,Outer Box,Ingredient,each,0.0125,0.041666666666666664,0.0005208333333333333,Gourmet Costing,CAPE MALAY LAMB,46
CAPE MALAY LAMB 280gr,Foilene Sheets,Ingredient,each,0.00014000000000000001,3.0,0.00042000000000000007,Gourmet Costing,CAPE MALAY LAMB,47
CAPE MALAY LAMB 280gr,Label,Ingredient,each,0.00032,0.041666666666666664,1.3333333333333333e-05,Gourmet Costing,CAPE MALAY LAMB,48
CAPE MALAY LAMB 280gr,Spice - Steak & Kidney,Ingredient,gram,0.06198,6.0,0.37188,Gourmet Costing,CAPE MALAY LAMB,55
CAPE MALAY LAMB 280gr,Metro FQ Beef Goulash,Ingredient,gram,0.08598000000000001,34.0,2.9233200000000004,Gourmet Costing,CAPE MALAY LAMB,56
CAPE MALAY LAMB 280gr,Liquid - Water,Ingredient,gram,0.0,40.0,0,Gourmet Costing,CAPE MALAY LAMB,57
CAPE MALAY LAMB 280gr,Pastry (20 x 13),Ingredient,gram,0.01236,115.0,1.4214,Gourmet Costing,CAPE MALAY LAMB,58
CAPE MALAY LAMB 280gr,Cornflour,Ingredient,gram,0.0140868,4.0,0.0563472,Gourmet Costing,CAPE MALAY LAMB,59
CAPE MALAY LAMB 280gr,Sunset Glaze,Ingredient,gram,0.07492000000000001,2.5,0.18730000000000002,Gourmet Costing,CAPE MALAY LAMB,60
CAPE MALAY LAMB 280gr,Outer Box,Ingredient,each,0.0125,0.041666666666666664,0.0005208333333333333,Gourmet Costing,CAPE MALAY LAMB,61
CAPE MALAY LAMB 280gr,Foilene Sheets,Ingredient,each,0.00014000000000000001,3.0,0.00042000000000000007,Gourmet Costing,CAPE MALAY LAMB,62
CAPE MALAY LAMB 280gr,Label,Ingredient,each,0.00032,0.041666666666666664,1.3333333333333333e-05,Gourmet Costing,CAPE MALAY LAMB,63
CAPE MALAY LAMB 280gr,280gr Pies,Ingredient,each,0,0,14.993483333333327,Gourmet Costing,CAPE MALAY LAMB,66
THAI GREEN CHICKEN CURRY 280GR,Chicken Bites,Ingredient,kg,0.03495,15000.0,524.25,Gourmet Costing,THAI GREEN CURRY,5
THAI GREEN CHICKEN CURRY 280GR,Salt,Ingredient,kg,0.0077,72.0,0.5544,Gourmet Costing,THAI GREEN CURRY,6
THAI GREEN CHICKEN CURRY 280GR,Garlic,Ingredient,kg,0.02999,40.0,1.1996,Gourmet Costing,THAI GREEN CURRY,8
THAI GREEN CHICKEN CURRY 280GR,White Onion,Ingredient,kg,0.01644186046511628,430.0,7.07,Gourmet Costing,THAI GREEN CURRY,9
THAI GREEN CHICKEN CURRY 280GR,Thai green Curry Past,Ingredient,kg,0.08995,500.0,44.975,Gourmet Costing,THAI GREEN CURRY,10
THAI GREEN CHICKEN CURRY 280GR,Flour,Ingredient,kg,0.0125,300.0,3.75,Gourmet Costing,THAI GREEN CURRY,11
THAI GREEN CHICKEN CURRY 280GR,Corn Flour,Ingredient,kg,0.020399999999999998,150.0,3.0599999999999996,Gourmet Costing,THAI GREEN CURRY,12
THAI GREEN CHICKEN CURRY 280GR,Coriander Fresh,Ingredient,each,0.01299,2000.0,25.98,Gourmet Costing,THAI GREEN CURRY,14
THAI GREEN CHICKEN CURRY 280GR,Coriander Seeds,Ingredient,each,0.04244,40.0,1.6976,Gourmet Costing,THAI GREEN CURRY,15
THAI GREEN CHICKEN CURRY 280GR,Green Pepper,Ingredient,each,0.059,1000.0,59.0,Gourmet Costing,THAI GREEN CURRY,18
THAI GREEN CHICKEN CURRY 280GR,Coconut milk,Ingredient,each,0.0197,6000.0,118.19999999999999,Gourmet Costing,THAI GREEN CURRY,19
THAI GREEN CHICKEN CURRY 280GR,Water,Ingredient,lt,0.0,1.5,0,Gourmet Costing,THAI GREEN CURRY,20
THAI GREEN CHICKEN CURRY 280GR,Chicken Stock,Ingredient,lt,0.0,3000.0,0,Gourmet Costing,THAI GREEN CURRY,22
THAI GREEN CHICKEN CURRY 280GR,Oil Blend,Ingredient,lt,0.034949999999999995,570.0,19.921499999999998,Gourmet Costing,THAI GREEN CURRY,23
THAI GREEN CHICKEN CURRY 280GR,Box,Ingredient,each,0.0125,7500.0,93.75,Gourmet Costing,THAI GREEN CURRY,24
THAI GREEN CHICKEN CURRY 280GR,Puff Pastry,Ingredient,each,0.01273,42500.0,541.025,Gourmet Costing,THAI GREEN CURRY,26
THAI GREEN CHICKEN CURRY 280GR,Large Potatoes,Ingredient,kg,0.0099,8000.0,79.2,Gourmet Costing,THAI GREEN CURRY,27
THAI GREEN CHICKEN CURRY 280GR,Label,Ingredient,each,0.00031999999999999997,15000.0,4.8,Gourmet Costing,THAI GREEN CURRY,30
THAI GREEN CHICKEN CURRY 280GR,Foil Bakkie,Ingredient,each,0.00092,119000.0,109.48,Gourmet Costing,THAI GREEN CURRY,31
THAI GREEN CHICKEN CURRY 280GR,Eggs,Ingredient,each,0.00227,5000.0,11.35,Gourmet Costing,THAI GREEN CURRY,32
THAI GREEN CHICKEN CURRY 280GR,Tape,Ingredient,each,0.0149,1000.0,14.9,Gourmet Costing,THAI GREEN CURRY,33
THAI GREEN CHICKEN CURRY 280GR,Halal sticker,Ingredient,each,7.999999999999999e-05,7500.0,0.6,Gourmet Costing,THAI GREEN CURRY,34
THAI GREEN CHICKEN CURRY 280GR,"21,2kg",Ingredient,PORT,0.11755971329708353,119.0,13.98960588235294,Gourmet Costing,THAI GREEN CURRY,36
THAI GREEN CHICKEN CURRY 280GR,Burger 60g,Ingredient,gram,0.05998,60.0,3.5987999999999998,Gourmet Costing,THAI GREEN CURRY,41
THAI GREEN CHICKEN CURRY 280GR,Tomato Braai Relish,Ingredient,gram,0.026869999999999998,10.0,0.2687,Gourmet Costing,THAI GREEN CURRY,42
THAI GREEN CHICKEN CURRY 280GR,Cheese Sauce,Ingredient,gram,0.10608999999999999,10.0,1.0609,Gourmet Costing,THAI GREEN CURRY,43
THAI GREEN CHICKEN CURRY 280GR,Pastry (20 x 13),Ingredient,gram,0.01236,115.0,1.4214,Gourmet Costing,THAI GREEN CURRY,44
THAI GREEN CHICKEN CURRY 280GR,Sunset Glaze,Ingredient,gram,0.07492000000000001,2.5,0.18730000000000002,Gourmet Costing,THAI GREEN CURRY,45
THAI GREEN CHICKEN CURRY 280GR,Outer Box,Ingredient,each,0.0125,0.041666666666666664,0.0005208333333333333,Gourmet Costing,THAI GREEN CURRY,46
THAI GREEN CHICKEN CURRY 280GR,Foilene Sheets,Ingredient,each,0.00014000000000000001,3.0,0.00042000000000000007,Gourmet Costing,THAI GREEN CURRY,47
THAI GREEN CHICKEN CURRY 280GR,Label,Ingredient,each,0.00032,0.041666666666666664,1.3333333333333333e-05,Gourmet Costing,THAI GREEN CURRY,48
THAI GREEN CHICKEN CURRY 280GR,Spice - Steak & Kidney,Ingredient,gram,0.06198,6.0,0.37188,Gourmet Costing,THAI GREEN CURRY,55
THAI GREEN CHICKEN CURRY 280GR,Metro FQ Beef Goulash,Ingredient,gram,0.08598000000000001,34.0,2.9233200000000004,Gourmet Costing,THAI GREEN CURRY,56
THAI GREEN CHICKEN CURRY 280GR,Liquid - Water,Ingredient,gram,0.0,40.0,0,Gourmet Costing,THAI GREEN CURRY,57
THAI GREEN CHICKEN CURRY 280GR,Pastry (20 x 13),Ingredient,gram,0.01236,115.0,1.4214,Gourmet Costing,THAI GREEN CURRY,58
THAI GREEN CHICKEN CURRY 280GR,Cornflour,Ingredient,gram,0.0140868,4.0,0.0563472,Gourmet Costing,THAI GREEN CURRY,59
THAI GREEN CHICKEN CURRY 280GR,Sunset Glaze,Ingredient,gram,0.07492000000000001,2.5,0.18730000000000002,Gourmet Costing,THAI GREEN CURRY,60
THAI GREEN CHICKEN CURRY 280GR,Outer Box,Ingredient,each,0.0125,0.041666666666666664,0.0005208333333333333,Gourmet Costing,THAI GREEN CURRY,61
THAI GREEN CHICKEN CURRY 280GR,Foilene Sheets,Ingredient,each,0.00014000000000000001,3.0,0.00042000000000000007,Gourmet Costing,THAI GREEN CURRY,62
THAI GREEN CHICKEN CURRY 280GR,Label,Ingredient,each,0.00032,0.041666666666666664,1.3333333333333333e-05,Gourmet Costing,THAI GREEN CURRY,63
THAI GREEN CHICKEN CURRY 280GR,280gr Pies,Ingredient,each,0,0,13.98960588235294,Gourmet Costing,THAI GREEN CURRY,66
PEPPER STEAK FILLING 60KG,GOULASH,Ingredient,kg,0.08598000000000001,25500.0,2192.4900000000002,Gourmet Costing,TASTI CHEF PIE FILLINGS,5
PEPPER STEAK FILLING 60KG,SPICE,Ingredient,kg,0.05598,4500.0,251.91,Gourmet Costing,TASTI CHEF PIE FILLINGS,6
PEPPER STEAK FILLING 60KG,CORN FLOUR,Ingredient,kg,0.020399999999999998,1500.0,30.599999999999998,Gourmet Costing,TASTI CHEF PIE FILLINGS,7
PEPPER STEAK FILLING 60KG,WATER,Ingredient,kg,0.0,31500.0,0,Gourmet Costing,TASTI CHEF PIE FILLINGS,8
PEPPER STEAK FILLING 60KG,60KG,Ingredient,KG,0,0,412.5,Gourmet Costing,TASTI CHEF PIE FILLINGS,32
PEPPER STEAK FILLING 60KG,Burger 60g,Ingredient,gram,0.05998,60.0,3.5987999999999998,Gourmet Costing,TASTI CHEF PIE FILLINGS,37
PEPPER STEAK FILLING 60KG,Tomato Braai Relish,Ingredient,gram,0.026869999999999998,10.0,0.2687,Gourmet Costing,TASTI CHEF PIE FILLINGS,38
PEPPER STEAK FILLING 60KG,Cheese Sauce,Ingredient,gram,0.10608999999999999,10.0,1.0609,Gourmet Costing,TASTI CHEF PIE FILLINGS,39
PEPPER STEAK FILLING 60KG,Pastry (20 x 13),Ingredient,gram,0.01236,115.0,1.4214,Gourmet Costing,TASTI CHEF PIE FILLINGS,40
PEPPER STEAK FILLING 60KG,Sunset Glaze,Ingredient,gram,0.07492000000000001,2.5,0.18730000000000002,Gourmet Costing,TASTI CHEF PIE FILLINGS,41
PEPPER STEAK FILLING 60KG,Outer Box,Ingredient,each,0.0125,0.041666666666666664,0.0005208333333333333,Gourmet Costing,TASTI CHEF PIE FILLINGS,42
PEPPER STEAK FILLING 60KG,Foilene Sheets,Ingredient,each,0.00014000000000000001,3.0,0.00042000000000000007,Gourmet Costing,TASTI CHEF PIE FILLINGS,43
PEPPER STEAK FILLING 60KG,Label,Ingredient,each,0.00032,0.041666666666666664,1.3333333333333333e-05,Gourmet Costing,TASTI CHEF PIE FILLINGS,44
PEPPER STEAK FILLING 60KG,Spice - Steak & Kidney,Ingredient,gram,0.06198,6.0,0.37188,Gourmet Costing,TASTI CHEF PIE FILLINGS,51
PEPPER STEAK FILLING 60KG,Metro FQ Beef Goulash,Ingredient,gram,0.08598000000000001,34.0,2.9233200000000004,Gourmet Costing,TASTI CHEF PIE FILLINGS,52
PEPPER STEAK FILLING 60KG,Liquid - Water,Ingredient,gram,0.0,40.0,0,Gourmet Costing,TASTI CHEF PIE FILLINGS,53
PEPPER STEAK FILLING 60KG,Pastry (20 x 13),Ingredient,gram,0.01236,115.0,1.4214,Gourmet Costing,TASTI CHEF PIE FILLINGS,54
PEPPER STEAK FILLING 60KG,Cornflour,Ingredient,gram,0.0140868,4.0,0.0563472,Gourmet Costing,TASTI CHEF PIE FILLINGS,55
PEPPER STEAK FILLING 60KG,Sunset Glaze,Ingredient,gram,0.07492000000000001,2.5,0.18730000000000002,Gourmet Costing,TASTI CHEF PIE FILLINGS,56
PEPPER STEAK FILLING 60KG,Outer Box,Ingredient,each,0.0125,0.041666666666666664,0.0005208333333333333,Gourmet Costing,TASTI CHEF PIE FILLINGS,57
PEPPER STEAK FILLING 60KG,Foilene Sheets,Ingredient,each,0.00014000000000000001,3.0,0.00042000000000000007,Gourmet Costing,TASTI CHEF PIE FILLINGS,58
PEPPER STEAK FILLING 60KG,Label,Ingredient,each,0.00032,0.041666666666666664,1.3333333333333333e-05,Gourmet Costing,TASTI CHEF PIE FILLINGS,59
PEPPER STEAK FILLING 60KG,PER PORTION(60GR),Ingredient,each,0,0,2.578125,Gourmet Costing,TASTI CHEF PIE FILLINGS,62
PEPPER STEAK FILLING 60KG,PER PORTION(80GR),Ingredient,each,0,0,3.4375,Gourmet Costing,TASTI CHEF PIE FILLINGS,63
BUTTERMILK RUSKS,Chicken Bites,Ingredient,gram,0,0,34.95,Gourmet Costing,BUTTERMILK RUSKS,5
BUTTERMILK RUSKS,SELFRAISING FLOUR,Ingredient,kg,0.019379999999999998,2000.0,38.76,Gourmet Costing,BUTTERMILK RUSKS,6
BUTTERMILK RUSKS,EGGS,Ingredient,kg,0.00229,8000.0,18.32,Gourmet Costing,BUTTERMILK RUSKS,8
BUTTERMILK RUSKS,OIL,Ingredient,lt,0.03495000000000001,267.0,9.331650000000002,Gourmet Costing,BUTTERMILK RUSKS,9
BUTTERMILK RUSKS,UMAZI,Ingredient,lt,0.02299,1000.0,22.99,Gourmet Costing,BUTTERMILK RUSKS,10
BUTTERMILK RUSKS,SALT,Ingredient,kg,0.0077,20.0,0.154,Gourmet Costing,BUTTERMILK RUSKS,11
BUTTERMILK RUSKS,SPRAY AND COOK,Ingredient,each,0.045,10.0,0.45,Gourmet Costing,BUTTERMILK RUSKS,12
BUTTERMILK RUSKS,WOODEN SPOONS,Ingredient,KG,0.02229,500.0,11.145,Gourmet Costing,BUTTERMILK RUSKS,13
BUTTERMILK RUSKS,GREASE PROOF PAPER,Ingredient,each,0.000643,4000.0,2.572,Gourmet Costing,BUTTERMILK RUSKS,14
BUTTERMILK RUSKS,KRAG,Ingredient,UNIT,0.00035,15000.0,5.25,Gourmet Costing,BUTTERMILK RUSKS,15
BUTTERMILK RUSKS,DRIED LEMON,Ingredient,gram,0.0,0.002,0,Gourmet Costing,BUTTERMILK RUSKS,16
BUTTERMILK RUSKS,BOTTLE,Ingredient,gram,0.0,22.0,0,Gourmet Costing,BUTTERMILK RUSKS,17
BUTTERMILK RUSKS,Burger 60g,Ingredient,gram,0.05998,60.0,3.5987999999999998,Gourmet Costing,BUTTERMILK RUSKS,36
BUTTERMILK RUSKS,Tomato Braai Relish,Ingredient,gram,0.026869999999999998,10.0,0.2687,Gourmet Costing,BUTTERMILK RUSKS,37
BUTTERMILK RUSKS,Cheese Sauce,Ingredient,gram,0.10608999999999999,10.0,1.0609,Gourmet Costing,BUTTERMILK RUSKS,38
BUTTERMILK RUSKS,Pastry (20 x 13),Ingredient,gram,0.01236,115.0,1.4214,Gourmet Costing,BUTTERMILK RUSKS,39
BUTTERMILK RUSKS,Sunset Glaze,Ingredient,gram,0.07492000000000001,2.5,0.18730000000000002,Gourmet Costing,BUTTERMILK RUSKS,40
BUTTERMILK RUSKS,Outer Box,Ingredient,each,0.0125,0.041666666666666664,0.0005208333333333333,Gourmet Costing,BUTTERMILK RUSKS,41
BUTTERMILK RUSKS,Foilene Sheets,Ingredient,each,0.00014000000000000001,3.0,0.00042000000000000007,Gourmet Costing,BUTTERMILK RUSKS,42
BUTTERMILK RUSKS,Label,Ingredient,each,0.00032,0.041666666666666664,1.3333333333333333e-05,Gourmet Costing,BUTTERMILK RUSKS,43
BUTTERMILK RUSKS,Spice - Steak & Kidney,Ingredient,gram,0.06198,6.0,0.37188,Gourmet Costing,BUTTERMILK RUSKS,50
BUTTERMILK RUSKS,Metro FQ Beef Goulash,Ingredient,gram,0.08598000000000001,34.0,2.9233200000000004,Gourmet Costing,BUTTERMILK RUSKS,51
BUTTERMILK RUSKS,Liquid - Water,Ingredient,gram,0.0,40.0,0,Gourmet Costing,BUTTERMILK RUSKS,52
BUTTERMILK RUSKS,Pastry (20 x 13),Ingredient,gram,0.01236,115.0,1.4214,Gourmet Costing,BUTTERMILK RUSKS,53
BUTTERMILK RUSKS,Cornflour,Ingredient,gram,0.0140868,4.0,0.0563472,Gourmet Costing,BUTTERMILK RUSKS,54
BUTTERMILK RUSKS,Sunset Glaze,Ingredient,gram,0.07492000000000001,2.5,0.18730000000000002,Gourmet Costing,BUTTERMILK RUSKS,55
BUTTERMILK RUSKS,Outer Box,Ingredient,each,0.0125,0.041666666666666664,0.0005208333333333333,Gourmet Costing,BUTTERMILK RUSKS,56
BUTTERMILK RUSKS,Foilene Sheets,Ingredient,each,0.00014000000000000001,3.0,0.00042000000000000007,Gourmet Costing,BUTTERMILK RUSKS,57
BUTTERMILK RUSKS,Label,Ingredient,each,0.00032,0.041666666666666664,1.3333333333333333e-05,Gourmet Costing,BUTTERMILK RUSKS,58
BUTTERMILK RUSKS,120gr,Ingredient,each,1.9166666666666667,0.43589059999999996,0.8354569833333333,Gourmet Costing,BUTTERMILK RUSKS,61
HOTDOG ROLLS,Chicken Bites,Ingredient,gram,0,0,34.95,Gourmet Costing,HOTDOG ROLLS,5
HOTDOG ROLLS,FLOUR,Ingredient,kg,0.01938,3000.0,58.14,Gourmet Costing,HOTDOG ROLLS,6
HOTDOG ROLLS,YEAST,Ingredient,kg,0.0138,150.0,2.07,Gourmet Costing,HOTDOG ROLLS,8
HOTDOG ROLLS,WATER,Ingredient,lt,0.0,1500.0,0,Gourmet Costing,HOTDOG ROLLS,9
HOTDOG ROLLS,BOX,Ingredient,each,0.0125,1000.0,12.5,Gourmet Costing,HOTDOG ROLLS,10
HOTDOG ROLLS,SAKKIES,Ingredient,each,8.400000000000001e-05,8000.0,0.672,Gourmet Costing,HOTDOG ROLLS,12
HOTDOG ROLLS,LABELS,Ingredient,each,0.00031999999999999997,3000.0,0.96,Gourmet Costing,HOTDOG ROLLS,13
HOTDOG ROLLS,KRAG,Ingredient,UNIT,0.00123,10000.0,12.3,Gourmet Costing,HOTDOG ROLLS,14
HOTDOG ROLLS,DRIED LEMON,Ingredient,gram,0.0,0.002,0,Gourmet Costing,HOTDOG ROLLS,16
HOTDOG ROLLS,BOTTLE,Ingredient,gram,0.0,22.0,0,Gourmet Costing,HOTDOG ROLLS,17
HOTDOG ROLLS,Burger 60g,Ingredient,gram,0.05998,60.0,3.5987999999999998,Gourmet Costing,HOTDOG ROLLS,36
HOTDOG ROLLS,Tomato Braai Relish,Ingredient,gram,0.026869999999999998,10.0,0.2687,Gourmet Costing,HOTDOG ROLLS,37
HOTDOG ROLLS,Cheese Sauce,Ingredient,gram,0.10608999999999999,10.0,1.0609,Gourmet Costing,HOTDOG ROLLS,38
HOTDOG ROLLS,Pastry (20 x 13),Ingredient,gram,0.01236,115.0,1.4214,Gourmet Costing,HOTDOG ROLLS,39
HOTDOG ROLLS,Sunset Glaze,Ingredient,gram,0.07492000000000001,2.5,0.18730000000000002,Gourmet Costing,HOTDOG ROLLS,40
HOTDOG ROLLS,Outer Box,Ingredient,each,0.0125,0.041666666666666664,0.0005208333333333333,Gourmet Costing,HOTDOG ROLLS,41
HOTDOG ROLLS,Foilene Sheets,Ingredient,each,0.00014000000000000001,3.0,0.00042000000000000007,Gourmet Costing,HOTDOG ROLLS,42
HOTDOG ROLLS,Label,Ingredient,each,0.00032,0.041666666666666664,1.3333333333333333e-05,Gourmet Costing,HOTDOG ROLLS,43
HOTDOG ROLLS,Spice - Steak & Kidney,Ingredient,gram,0.06198,6.0,0.37188,Gourmet Costing,HOTDOG ROLLS,50
HOTDOG ROLLS,Metro FQ Beef Goulash,Ingredient,gram,0.08598000000000001,34.0,2.9233200000000004,Gourmet Costing,HOTDOG ROLLS,51
HOTDOG ROLLS,Liquid - Water,Ingredient,gram,0.0,40.0,0,Gourmet Costing,HOTDOG ROLLS,52
HOTDOG ROLLS,Pastry (20 x 13),Ingredient,gram,0.01236,115.0,1.4214,Gourmet Costing,HOTDOG ROLLS,53
HOTDOG ROLLS,Cornflour,Ingredient,gram,0.0140868,4.0,0.0563472,Gourmet Costing,HOTDOG ROLLS,54
HOTDOG ROLLS,Sunset Glaze,Ingredient,gram,0.07492000000000001,2.5,0.18730000000000002,Gourmet Costing,HOTDOG ROLLS,55
HOTDOG ROLLS,Outer Box,Ingredient,each,0.0125,0.041666666666666664,0.0005208333333333333,Gourmet Costing,HOTDOG ROLLS,56
HOTDOG ROLLS,Foilene Sheets,Ingredient,each,0.00014000000000000001,3.0,0.00042000000000000007,Gourmet Costing,HOTDOG ROLLS,57
HOTDOG ROLLS,Label,Ingredient,each,0.00032,0.041666666666666664,1.3333333333333333e-05,Gourmet Costing,HOTDOG ROLLS,58
HOTDOG ROLLS,120gr (15CM),Ingredient,each,2.3,2.062904761904762,4.7446809523809526,Gourmet Costing,HOTDOG ROLLS,61
HOTDOG ROLLS,FLOUR,Ingredient,kg,0.01938,3000.0,58.14,Gourmet Costing,HOTDOG ROLLS,68
HOTDOG ROLLS,YEAST,Ingredient,kg,0.0138,150.0,2.07,Gourmet Costing,HOTDOG ROLLS,70
HOTDOG ROLLS,WATER,Ingredient,lt,0.0,1500.0,0,Gourmet Costing,HOTDOG ROLLS,71
HOTDOG ROLLS,BOX,Ingredient,each,0.0125,1000.0,12.5,Gourmet Costing,HOTDOG ROLLS,72
HOTDOG ROLLS,SAKKIES,Ingredient,each,8e-05,7000.0,0.56,Gourmet Costing,HOTDOG ROLLS,74
HOTDOG ROLLS,LABELS,Ingredient,each,9.999999999999999e-06,3000.0,0.03,Gourmet Costing,HOTDOG ROLLS,75
HOTDOG ROLLS,KRAG,Ingredient,UNIT,0.00123,10000.0,12.3,Gourmet Costing,HOTDOG ROLLS,76
HOTDOG ROLLS,Burger 60g,Ingredient,gram,0.0,60.0,0,Gourmet Costing,HOTDOG ROLLS,98
HOTDOG ROLLS,Tomato Braai Relish,Ingredient,gram,0.066,10.0,0.66,Gourmet Costing,HOTDOG ROLLS,99
HOTDOG ROLLS,Cheese Sauce,Ingredient,gram,0.024333,10.0,0.24333,Gourmet Costing,HOTDOG ROLLS,100
HOTDOG ROLLS,Pastry (20 x 13),Ingredient,gram,0.0,115.0,0,Gourmet Costing,HOTDOG ROLLS,101
HOTDOG ROLLS,Sunset Glaze,Ingredient,gram,0.0,2.5,0,Gourmet Costing,HOTDOG ROLLS,102
HOTDOG ROLLS,Outer Box,Ingredient,each,0.0,0.041666666666666664,0,Gourmet Costing,HOTDOG ROLLS,103
HOTDOG ROLLS,Foilene Sheets,Ingredient,each,0.0,3.0,0,Gourmet Costing,HOTDOG ROLLS,104
HOTDOG ROLLS,Label,Ingredient,each,0.0,0.041666666666666664,0,Gourmet Costing,HOTDOG ROLLS,105
HOTDOG ROLLS,Spice - Steak & Kidney,Ingredient,gram,0.11098000000000001,6.0,0.66588,Gourmet Costing,HOTDOG ROLLS,112
HOTDOG ROLLS,Metro FQ Beef Goulash,Ingredient,gram,8.400000000000001e-05,34.0,0.0028560000000000005,Gourmet Costing,HOTDOG ROLLS,113
HOTDOG ROLLS,Liquid - Water,Ingredient,gram,0.0,40.0,0,Gourmet Costing,HOTDOG ROLLS,114
HOTDOG ROLLS,Pastry (20 x 13),Ingredient,gram,0.0,115.0,0,Gourmet Costing,HOTDOG ROLLS,115
HOTDOG ROLLS,Cornflour,Ingredient,gram,0.0,4.0,0,Gourmet Costing,HOTDOG ROLLS,116
HOTDOG ROLLS,Sunset Glaze,Ingredient,gram,0.0,2.5,0,Gourmet Costing,HOTDOG ROLLS,117
HOTDOG ROLLS,Outer Box,Ingredient,each,0.0,0.041666666666666664,0,Gourmet Costing,HOTDOG ROLLS,118
HOTDOG ROLLS,Foilene Sheets,Ingredient,each,0.0,3.0,0,Gourmet Costing,HOTDOG ROLLS,119
HOTDOG ROLLS,Label,Ingredient,each,0.0,0.041666666666666664,0,Gourmet Costing,HOTDOG ROLLS,120
HOTDOG ROLLS,120gr (25CM),Ingredient,each,2.3,2.7612903225806456,6.350967741935484,Gourmet Costing,HOTDOG ROLLS,123
PlAIN STEAK FILLING 60KG,GOULASH,Ingredient,kg,0.08598000000000001,25500.0,2192.4900000000002,Gourmet Costing,PLAINSTEAK-BEEFCURRY FILLING,5
PlAIN STEAK FILLING 60KG,SPICE,Ingredient,kg,0.06197999999999999,4500.0,278.90999999999997,Gourmet Costing,PLAINSTEAK-BEEFCURRY FILLING,6
PlAIN STEAK FILLING 60KG,CORN FLOUR,Ingredient,kg,0.016486,1500.0,24.729,Gourmet Costing,PLAINSTEAK-BEEFCURRY FILLING,7
PlAIN STEAK FILLING 60KG,WATER,Ingredient,kg,0.0,31500.0,0,Gourmet Costing,PLAINSTEAK-BEEFCURRY FILLING,8
PlAIN STEAK FILLING 60KG,Burger 60g,Ingredient,gram,0.05998,60.0,3.5987999999999998,Gourmet Costing,PLAINSTEAK-BEEFCURRY FILLING,37
PlAIN STEAK FILLING 60KG,Tomato Braai Relish,Ingredient,gram,0.026869999999999998,10.0,0.2687,Gourmet Costing,PLAINSTEAK-BEEFCURRY FILLING,38
PlAIN STEAK FILLING 60KG,Cheese Sauce,Ingredient,gram,0.10608999999999999,10.0,1.0609,Gourmet Costing,PLAINSTEAK-BEEFCURRY FILLING,39
PlAIN STEAK FILLING 60KG,Pastry (20 x 13),Ingredient,gram,0.01236,115.0,1.4214,Gourmet Costing,PLAINSTEAK-BEEFCURRY FILLING,40
PlAIN STEAK FILLING 60KG,Sunset Glaze,Ingredient,gram,0.07492000000000001,2.5,0.18730000000000002,Gourmet Costing,PLAINSTEAK-BEEFCURRY FILLING,41
PlAIN STEAK FILLING 60KG,Outer Box,Ingredient,each,0.0125,0.041666666666666664,0.0005208333333333333,Gourmet Costing,PLAINSTEAK-BEEFCURRY FILLING,42
PlAIN STEAK FILLING 60KG,Foilene Sheets,Ingredient,each,0.00014000000000000001,3.0,0.00042000000000000007,Gourmet Costing,PLAINSTEAK-BEEFCURRY FILLING,43
PlAIN STEAK FILLING 60KG,Label,Ingredient,each,0.00032,0.041666666666666664,1.3333333333333333e-05,Gourmet Costing,PLAINSTEAK-BEEFCURRY FILLING,44
PlAIN STEAK FILLING 60KG,Spice - Steak & Kidney,Ingredient,gram,0.06198,6.0,0.37188,Gourmet Costing,PLAINSTEAK-BEEFCURRY FILLING,51
PlAIN STEAK FILLING 60KG,Metro FQ Beef Goulash,Ingredient,gram,0.08598000000000001,34.0,2.9233200000000004,Gourmet Costing,PLAINSTEAK-BEEFCURRY FILLING,52
PlAIN STEAK FILLING 60KG,Liquid - Water,Ingredient,gram,0.0,40.0,0,Gourmet Costing,PLAINSTEAK-BEEFCURRY FILLING,53
PlAIN STEAK FILLING 60KG,Pastry (20 x 13),Ingredient,gram,0.01236,115.0,1.4214,Gourmet Costing,PLAINSTEAK-BEEFCURRY FILLING,54
PlAIN STEAK FILLING 60KG,Cornflour,Ingredient,gram,0.0140868,4.0,0.0563472,Gourmet Costing,PLAINSTEAK-BEEFCURRY FILLING,55
PlAIN STEAK FILLING 60KG,Sunset Glaze,Ingredient,gram,0.07492000000000001,2.5,0.18730000000000002,Gourmet Costing,PLAINSTEAK-BEEFCURRY FILLING,56
PlAIN STEAK FILLING 60KG,Outer Box,Ingredient,each,0.0125,0.041666666666666664,0.0005208333333333333,Gourmet Costing,PLAINSTEAK-BEEFCURRY FILLING,57
PlAIN STEAK FILLING 60KG,Foilene Sheets,Ingredient,each,0.00014000000000000001,3.0,0.00042000000000000007,Gourmet Costing,PLAINSTEAK-BEEFCURRY FILLING,58
PlAIN STEAK FILLING 60KG,Label,Ingredient,each,0.00032,0.041666666666666664,1.3333333333333333e-05,Gourmet Costing,PLAINSTEAK-BEEFCURRY FILLING,59
PlAIN STEAK FILLING 60KG,180GR PIE FILLING,Ingredient,each,0,0,3.943331753554502,Gourmet Costing,PLAINSTEAK-BEEFCURRY FILLING,62
PlAIN STEAK FILLING 60KG,160GR PIE FILLING,Ingredient,each,0,0,3.066497542997543,Gourmet Costing,PLAINSTEAK-BEEFCURRY FILLING,63
CHICKEN AND MUSHROOM FILLING 60KG,CHICKEN BITES,Ingredient,kg,0.03495,18000.0,629.1,Gourmet Costing,CHICKMUSH-PLAINCHICK FILLING,5
CHICKEN AND MUSHROOM FILLING 60KG,FROZEN MUSHROOM,Ingredient,kg,0.03498,7500.0,262.34999999999997,Gourmet Costing,CHICKMUSH-PLAINCHICK FILLING,6
CHICKEN AND MUSHROOM FILLING 60KG,CORN FLOUR,Ingredient,kg,0.014086800000000002,1500.0,21.130200000000002,Gourmet Costing,CHICKMUSH-PLAINCHICK FILLING,7
CHICKEN AND MUSHROOM FILLING 60KG,WATER,Ingredient,kg,0.0,31500.0,0,Gourmet Costing,CHICKMUSH-PLAINCHICK FILLING,8
CHICKEN AND MUSHROOM FILLING 60KG,SPICE,Ingredient,kg,0.0,4500.0,0,Gourmet Costing,CHICKMUSH-PLAINCHICK FILLING,9
CHICKEN AND MUSHROOM FILLING 60KG,Burger 60g,Ingredient,gram,0.05998,60.0,3.5987999999999998,Gourmet Costing,CHICKMUSH-PLAINCHICK FILLING,37
CHICKEN AND MUSHROOM FILLING 60KG,Tomato Braai Relish,Ingredient,gram,0.026869999999999998,10.0,0.2687,Gourmet Costing,CHICKMUSH-PLAINCHICK FILLING,38
CHICKEN AND MUSHROOM FILLING 60KG,Cheese Sauce,Ingredient,gram,0.10608999999999999,10.0,1.0609,Gourmet Costing,CHICKMUSH-PLAINCHICK FILLING,39
CHICKEN AND MUSHROOM FILLING 60KG,Pastry (20 x 13),Ingredient,gram,0.01236,115.0,1.4214,Gourmet Costing,CHICKMUSH-PLAINCHICK FILLING,40
CHICKEN AND MUSHROOM FILLING 60KG,Sunset Glaze,Ingredient,gram,0.07492000000000001,2.5,0.18730000000000002,Gourmet Costing,CHICKMUSH-PLAINCHICK FILLING,41
CHICKEN AND MUSHROOM FILLING 60KG,Outer Box,Ingredient,each,0.0125,0.041666666666666664,0.0005208333333333333,Gourmet Costing,CHICKMUSH-PLAINCHICK FILLING,42
CHICKEN AND MUSHROOM FILLING 60KG,Foilene Sheets,Ingredient,each,0.00014000000000000001,3.0,0.00042000000000000007,Gourmet Costing,CHICKMUSH-PLAINCHICK FILLING,43
CHICKEN AND MUSHROOM FILLING 60KG,Label,Ingredient,each,0.00032,0.041666666666666664,1.3333333333333333e-05,Gourmet Costing,CHICKMUSH-PLAINCHICK FILLING,44
CHICKEN AND MUSHROOM FILLING 60KG,Spice - Steak & Kidney,Ingredient,gram,0.06198,6.0,0.37188,Gourmet Costing,CHICKMUSH-PLAINCHICK FILLING,51
CHICKEN AND MUSHROOM FILLING 60KG,Metro FQ Beef Goulash,Ingredient,gram,0.08598000000000001,34.0,2.9233200000000004,Gourmet Costing,CHICKMUSH-PLAINCHICK FILLING,52
CHICKEN AND MUSHROOM FILLING 60KG,Liquid - Water,Ingredient,gram,0.0,40.0,0,Gourmet Costing,CHICKMUSH-PLAINCHICK FILLING,53
CHICKEN AND MUSHROOM FILLING 60KG,Pastry (20 x 13),Ingredient,gram,0.01236,115.0,1.4214,Gourmet Costing,CHICKMUSH-PLAINCHICK FILLING,54
CHICKEN AND MUSHROOM FILLING 60KG,Cornflour,Ingredient,gram,0.0140868,4.0,0.0563472,Gourmet Costing,CHICKMUSH-PLAINCHICK FILLING,55
CHICKEN AND MUSHROOM FILLING 60KG,Sunset Glaze,Ingredient,gram,0.07492000000000001,2.5,0.18730000000000002,Gourmet Costing,CHICKMUSH-PLAINCHICK FILLING,56
CHICKEN AND MUSHROOM FILLING 60KG,Outer Box,Ingredient,each,0.0125,0.041666666666666664,0.0005208333333333333,Gourmet Costing,CHICKMUSH-PLAINCHICK FILLING,57
CHICKEN AND MUSHROOM FILLING 60KG,Foilene Sheets,Ingredient,each,0.00014000000000000001,3.0,0.00042000000000000007,Gourmet Costing,CHICKMUSH-PLAINCHICK FILLING,58
CHICKEN AND MUSHROOM FILLING 60KG,Label,Ingredient,each,0.00032,0.041666666666666664,1.3333333333333333e-05,Gourmet Costing,CHICKMUSH-PLAINCHICK FILLING,59
CHICKEN AND MUSHROOM FILLING 60KG,180GR PIE FILLING,Ingredient,each,0,0,1.4416748815165878,Gourmet Costing,CHICKMUSH-PLAINCHICK FILLING,62
CHICKEN AND MUSHROOM FILLING 60KG,160GR PIE FILLING,Ingredient,each,0,0,1.121105896805897,Gourmet Costing,CHICKMUSH-PLAINCHICK FILLING,63
BREAD CROISSANTS,Chicken Bites,Ingredient,gram,0,0,34.95,Gourmet Costing,BREAD CROISSANTS,5
BREAD CROISSANTS,Salt,Ingredient,gram,7.7,0.14,1.078,Gourmet Costing,BREAD CROISSANTS,6
BREAD CROISSANTS,Garlic,Ingredient,gram,0.0,10.0,0,Gourmet Costing,BREAD CROISSANTS,8
BREAD CROISSANTS,White Onion,Ingredient,gram,0.0,115.0,0,Gourmet Costing,BREAD CROISSANTS,9
BREAD CROISSANTS,Celery,Ingredient,gram,0.0,2.5,0,Gourmet Costing,BREAD CROISSANTS,10
BREAD CROISSANTS,Flour,Ingredient,gram,12.5,10.0,125.0,Gourmet Costing,BREAD CROISSANTS,11
BREAD CROISSANTS,Wet yeast,Ingredient,gram,13.8,0.4,5.5200000000000005,Gourmet Costing,BREAD CROISSANTS,12
BREAD CROISSANTS,Sugar,Ingredient,gram,20.42,1.0,20.42,Gourmet Costing,BREAD CROISSANTS,13
BREAD CROISSANTS,Water,Ingredient,lt,0.0,4.5,0,Gourmet Costing,BREAD CROISSANTS,24
BREAD CROISSANTS,Tape,Ingredient,each,14.9,0.5,7.45,Gourmet Costing,BREAD CROISSANTS,25
BREAD CROISSANTS,Halal sticker,Ingredient,each,8e-05,10.0,0.0008,Gourmet Costing,BREAD CROISSANTS,26
BREAD CROISSANTS,Box,Ingredient,each,0.0125,10.0,0.125,Gourmet Costing,BREAD CROISSANTS,27
BREAD CROISSANTS,Eggs,Ingredient,each,0,0,2.29,Gourmet Costing,BREAD CROISSANTS,28
BREAD CROISSANTS,Label,Ingredient,each,0.00032,8750.0,2.8000000000000003,Gourmet Costing,BREAD CROISSANTS,30
BREAD CROISSANTS,Burger 60g,Ingredient,gram,0.05998,60.0,3.5987999999999998,Gourmet Costing,BREAD CROISSANTS,37
BREAD CROISSANTS,Tomato Braai Relish,Ingredient,gram,0.026869999999999998,10.0,0.2687,Gourmet Costing,BREAD CROISSANTS,38
BREAD CROISSANTS,Cheese Sauce,Ingredient,gram,0.10608999999999999,10.0,1.0609,Gourmet Costing,BREAD CROISSANTS,39
BREAD CROISSANTS,Pastry (20 x 13),Ingredient,gram,0.01236,115.0,1.4214,Gourmet Costing,BREAD CROISSANTS,40
BREAD CROISSANTS,Sunset Glaze,Ingredient,gram,0.07492000000000001,2.5,0.18730000000000002,Gourmet Costing,BREAD CROISSANTS,41
BREAD CROISSANTS,Outer Box,Ingredient,each,0.0125,0.041666666666666664,0.0005208333333333333,Gourmet Costing,BREAD CROISSANTS,42
BREAD CROISSANTS,Foilene Sheets,Ingredient,each,0.00014000000000000001,3.0,0.00042000000000000007,Gourmet Costing,BREAD CROISSANTS,43
BREAD CROISSANTS,Label,Ingredient,each,0.00032,0.041666666666666664,1.3333333333333333e-05,Gourmet Costing,BREAD CROISSANTS,44
BREAD CROISSANTS,Spice - Steak & Kidney,Ingredient,gram,0.06198,6.0,0.37188,Gourmet Costing,BREAD CROISSANTS,51
BREAD CROISSANTS,Metro FQ Beef Goulash,Ingredient,gram,0.08598000000000001,34.0,2.9233200000000004,Gourmet Costing,BREAD CROISSANTS,52
BREAD CROISSANTS,Liquid - Water,Ingredient,gram,0.0,40.0,0,Gourmet Costing,BREAD CROISSANTS,53
BREAD CROISSANTS,Pastry (20 x 13),Ingredient,gram,0.01236,115.0,1.4214,Gourmet Costing,BREAD CROISSANTS,54
BREAD CROISSANTS,Cornflour,Ingredient,gram,0.0140868,4.0,0.0563472,Gourmet Costing,BREAD CROISSANTS,55
BREAD CROISSANTS,Sunset Glaze,Ingredient,gram,0.07492000000000001,2.5,0.18730000000000002,Gourmet Costing,BREAD CROISSANTS,56
BREAD CROISSANTS,Outer Box,Ingredient,each,0.0125,0.041666666666666664,0.0005208333333333333,Gourmet Costing,BREAD CROISSANTS,57
BREAD CROISSANTS,Foilene Sheets,Ingredient,each,0.00014000000000000001,3.0,0.00042000000000000007,Gourmet Costing,BREAD CROISSANTS,58
BREAD CROISSANTS,Label,Ingredient,each,0.00032,0.041666666666666664,1.3333333333333333e-05,Gourmet Costing,BREAD CROISSANTS,59
BREAD CROISSANTS,100gr,Ingredient,each,2.3,1.0292737500000002,2.3673296250000004,Gourmet Costing,BREAD CROISSANTS,62
BREAD CROISSANTS,Flour,Ingredient,gram,12.5,11.0,137.5,Gourmet Costing,BREAD CROISSANTS,72
BREAD CROISSANTS,Wet yeast,Ingredient,gram,13.8,0.4,5.5200000000000005,Gourmet Costing,BREAD CROISSANTS,73
BREAD CROISSANTS,Sugar,Ingredient,gram,19.99,1.0,19.99,Gourmet Costing,BREAD CROISSANTS,74
BREAD CROISSANTS,Eggs,Ingredient,each,2.29,8.0,18.32,Gourmet Costing,BREAD CROISSANTS,76
BREAD CROISSANTS,Water,Ingredient,lt,0.0,4.5,0,Gourmet Costing,BREAD CROISSANTS,77
BREAD CROISSANTS,Tape,Ingredient,each,14.9,0.5,7.45,Gourmet Costing,BREAD CROISSANTS,78
BREAD CROISSANTS,Halal sticker,Ingredient,each,0.08,10.0,0.8,Gourmet Costing,BREAD CROISSANTS,79
BREAD CROISSANTS,Box,Ingredient,each,12.5,8.0,100.0,Gourmet Costing,BREAD CROISSANTS,80
BREAD CROISSANTS,Label,Ingredient,each,1.0,16.0,16.0,Gourmet Costing,BREAD CROISSANTS,81
BREAD CROISSANTS,Baking Powder,Ingredient,kg,47.95,0.012,0.5754,Gourmet Costing,BREAD CROISSANTS,82
BREAD CROISSANTS,Butter,Ingredient,kg,66.0,1.0,66.0,Gourmet Costing,BREAD CROISSANTS,83
BREAD CROISSANTS,Salt,Ingredient,kg,7.7,0.02,0.154,Gourmet Costing,BREAD CROISSANTS,84
BREAD CROISSANTS,Vanilla Ess,Ingredient,Lt,67.0,0.04,2.68,Gourmet Costing,BREAD CROISSANTS,85
BREAD CROISSANTS,Choc Chips,Ingredient,kg,78.0,1.0,78.0,Gourmet Costing,BREAD CROISSANTS,86
BREAD CROISSANTS,f/sheet,Ingredient,each,0.14,24.0,3.3600000000000003,Gourmet Costing,BREAD CROISSANTS,87
BREAD CROISSANTS,100gr,Ingredient,each,2.3,2.1256626666666665,4.889024133333333,Gourmet Costing,BREAD CROISSANTS,129
BREAD CROISSANTS,box of 30 =,Ingredient,unit,0,0,63.76987999999999,Gourmet Costing,BREAD CROISSANTS,131
BREAD CROISSANTS,Krag =,Ingredient,unit,0,0,25.507952,Gourmet Costing,BREAD CROISSANTS,132
APPLE AND CINNAMON MUFFIN,Chicken Bites,Ingredient,gram,0,0,34.95,Gourmet Costing,APPLE AND CINNAMON MUFFIN,5
APPLE AND CINNAMON MUFFIN,Cake Flour,Ingredient,kg,12.5,0.5,6.25,Gourmet Costing,APPLE AND CINNAMON MUFFIN,6
APPLE AND CINNAMON MUFFIN,EGGS,Ingredient,kg,2.29,4.0,9.16,Gourmet Costing,APPLE AND CINNAMON MUFFIN,8
APPLE AND CINNAMON MUFFIN,OIL,Ingredient,lt,34.95,0.15,5.242500000000001,Gourmet Costing,APPLE AND CINNAMON MUFFIN,9
APPLE AND CINNAMON MUFFIN,MILK,Ingredient,lt,24.333,0.15,3.6499499999999996,Gourmet Costing,APPLE AND CINNAMON MUFFIN,10
APPLE AND CINNAMON MUFFIN,SALT,Ingredient,kg,7.7,0.005,0.0385,Gourmet Costing,APPLE AND CINNAMON MUFFIN,11
APPLE AND CINNAMON MUFFIN,VANILLIA ESS,Ingredient,ml,49.95,0.005,0.24975000000000003,Gourmet Costing,APPLE AND CINNAMON MUFFIN,12
APPLE AND CINNAMON MUFFIN,GROUND CINNAMON,Ingredient,kg,89.0,0.005,0.445,Gourmet Costing,APPLE AND CINNAMON MUFFIN,14
APPLE AND CINNAMON MUFFIN,WHITE SUGAR,Ingredient,kg,20.42,0.1,2.0420000000000003,Gourmet Costing,APPLE AND CINNAMON MUFFIN,15
APPLE AND CINNAMON MUFFIN,DRIED LEMON,Ingredient,gram,0.0,0.002,0,Gourmet Costing,APPLE AND CINNAMON MUFFIN,16
APPLE AND CINNAMON MUFFIN,BOTTLE,Ingredient,gram,0.0,22.0,0,Gourmet Costing,APPLE AND CINNAMON MUFFIN,17
APPLE AND CINNAMON MUFFIN,BAKING POWDER,Ingredient,kg,47.95,0.015,0.7192500000000001,Gourmet Costing,APPLE AND CINNAMON MUFFIN,18
APPLE AND CINNAMON MUFFIN,CONDIMENTS,Ingredient,each,0.0,1.0,0,Gourmet Costing,APPLE AND CINNAMON MUFFIN,19
APPLE AND CINNAMON MUFFIN,Burger 60g,Ingredient,gram,0.05998,60.0,3.5987999999999998,Gourmet Costing,APPLE AND CINNAMON MUFFIN,36
APPLE AND CINNAMON MUFFIN,Tomato Braai Relish,Ingredient,gram,0.026869999999999998,10.0,0.2687,Gourmet Costing,APPLE AND CINNAMON MUFFIN,37
APPLE AND CINNAMON MUFFIN,Cheese Sauce,Ingredient,gram,0.10608999999999999,10.0,1.0609,Gourmet Costing,APPLE AND CINNAMON MUFFIN,38
APPLE AND CINNAMON MUFFIN,Pastry (20 x 13),Ingredient,gram,0.01236,115.0,1.4214,Gourmet Costing,APPLE AND CINNAMON MUFFIN,39
APPLE AND CINNAMON MUFFIN,Sunset Glaze,Ingredient,gram,0.07492000000000001,2.5,0.18730000000000002,Gourmet Costing,APPLE AND CINNAMON MUFFIN,40
APPLE AND CINNAMON MUFFIN,Outer Box,Ingredient,each,0.0125,0.041666666666666664,0.0005208333333333333,Gourmet Costing,APPLE AND CINNAMON MUFFIN,41
APPLE AND CINNAMON MUFFIN,Foilene Sheets,Ingredient,each,0.00014000000000000001,3.0,0.00042000000000000007,Gourmet Costing,APPLE AND CINNAMON MUFFIN,42
APPLE AND CINNAMON MUFFIN,Label,Ingredient,each,0.00032,0.041666666666666664,1.3333333333333333e-05,Gourmet Costing,APPLE AND CINNAMON MUFFIN,43
APPLE AND CINNAMON MUFFIN,Spice - Steak & Kidney,Ingredient,gram,0.06198,6.0,0.37188,Gourmet Costing,APPLE AND CINNAMON MUFFIN,50
APPLE AND CINNAMON MUFFIN,Metro FQ Beef Goulash,Ingredient,gram,0.08598000000000001,34.0,2.9233200000000004,Gourmet Costing,APPLE AND CINNAMON MUFFIN,51
APPLE AND CINNAMON MUFFIN,Liquid - Water,Ingredient,gram,0.0,40.0,0,Gourmet Costing,APPLE AND CINNAMON MUFFIN,52
APPLE AND CINNAMON MUFFIN,Pastry (20 x 13),Ingredient,gram,0.01236,115.0,1.4214,Gourmet Costing,APPLE AND CINNAMON MUFFIN,53
APPLE AND CINNAMON MUFFIN,Cornflour,Ingredient,gram,0.0140868,4.0,0.0563472,Gourmet Costing,APPLE AND CINNAMON MUFFIN,54
APPLE AND CINNAMON MUFFIN,Sunset Glaze,Ingredient,gram,0.07492000000000001,2.5,0.18730000000000002,Gourmet Costing,APPLE AND CINNAMON MUFFIN,55
APPLE AND CINNAMON MUFFIN,Outer Box,Ingredient,each,0.0125,0.041666666666666664,0.0005208333333333333,Gourmet Costing,APPLE AND CINNAMON MUFFIN,56
APPLE AND CINNAMON MUFFIN,Foilene Sheets,Ingredient,each,0.00014000000000000001,3.0,0.00042000000000000007,Gourmet Costing,APPLE AND CINNAMON MUFFIN,57
APPLE AND CINNAMON MUFFIN,Label,Ingredient,each,0.00032,0.041666666666666664,1.3333333333333333e-05,Gourmet Costing,APPLE AND CINNAMON MUFFIN,58
CROISSANTS,Chicken Bites,Ingredient,gram,0,0,34.95,Gourmet Costing,CROISSANTS,5
CROISSANTS,Salt,Ingredient,gram,7.700000000000001,0.145,1.1165,Gourmet Costing,CROISSANTS,6
CROISSANTS,Garlic,Ingredient,gram,0.0,10.0,0,Gourmet Costing,CROISSANTS,8
CROISSANTS,White Onion,Ingredient,gram,0.0,115.0,0,Gourmet Costing,CROISSANTS,9
CROISSANTS,Celery,Ingredient,gram,0.0,2.5,0,Gourmet Costing,CROISSANTS,10
CROISSANTS,Flour,Ingredient,gram,12.5,10.0,125.0,Gourmet Costing,CROISSANTS,11
CROISSANTS,Wet yeast,Ingredient,gram,13.8,0.4,5.5200000000000005,Gourmet Costing,CROISSANTS,12
CROISSANTS,Sugar,Ingredient,gram,20.42,0.5,10.21,Gourmet Costing,CROISSANTS,13
CROISSANTS,Milk,Ingredient,lt,24.333,2.4,58.39919999999999,Gourmet Costing,CROISSANTS,14
CROISSANTS,Unsalted Butter,Ingredient,kg,66.0,1.0,66.0,Gourmet Costing,CROISSANTS,15
CROISSANTS,Eggs,Ingredient,each,2.29,24.0,54.96,Gourmet Costing,CROISSANTS,24
CROISSANTS,Tape,Ingredient,each,14.9,1.0,14.9,Gourmet Costing,CROISSANTS,25
CROISSANTS,Halal sticker,Ingredient,each,0.08,11.25,0.9,Gourmet Costing,CROISSANTS,26
CROISSANTS,Water,Ingredient,lt,0.0,1.2,0,Gourmet Costing,CROISSANTS,27
CROISSANTS,Box,Ingredient,each,12.5,11.25,140.625,Gourmet Costing,CROISSANTS,28
CROISSANTS,Label,Ingredient,each,0.00031999999999999997,6000.0,1.92,Gourmet Costing,CROISSANTS,31
CROISSANTS,Burger 60g,Ingredient,gram,0.05998,60.0,3.5987999999999998,Gourmet Costing,CROISSANTS,38
CROISSANTS,Tomato Braai Relish,Ingredient,gram,0.026869999999999998,10.0,0.2687,Gourmet Costing,CROISSANTS,39
CROISSANTS,Cheese Sauce,Ingredient,gram,0.10608999999999999,10.0,1.0609,Gourmet Costing,CROISSANTS,40
CROISSANTS,Pastry (20 x 13),Ingredient,gram,0.01236,115.0,1.4214,Gourmet Costing,CROISSANTS,41
CROISSANTS,Sunset Glaze,Ingredient,gram,0.07492000000000001,2.5,0.18730000000000002,Gourmet Costing,CROISSANTS,42
CROISSANTS,Outer Box,Ingredient,each,0.0125,0.041666666666666664,0.0005208333333333333,Gourmet Costing,CROISSANTS,43
CROISSANTS,Foilene Sheets,Ingredient,each,0.00014000000000000001,3.0,0.00042000000000000007,Gourmet Costing,CROISSANTS,44
CROISSANTS,Label,Ingredient,each,0.00032,0.041666666666666664,1.3333333333333333e-05,Gourmet Costing,CROISSANTS,45
CROISSANTS,Spice - Steak & Kidney,Ingredient,gram,0.06198,6.0,0.37188,Gourmet Costing,CROISSANTS,52
CROISSANTS,Metro FQ Beef Goulash,Ingredient,gram,0.08598000000000001,34.0,2.9233200000000004,Gourmet Costing,CROISSANTS,53
CROISSANTS,Liquid - Water,Ingredient,gram,0.0,40.0,0,Gourmet Costing,CROISSANTS,54
CROISSANTS,Pastry (20 x 13),Ingredient,gram,0.01236,115.0,1.4214,Gourmet Costing,CROISSANTS,55
CROISSANTS,Cornflour,Ingredient,gram,0.0140868,4.0,0.0563472,Gourmet Costing,CROISSANTS,56
CROISSANTS,Sunset Glaze,Ingredient,gram,0.07492000000000001,2.5,0.18730000000000002,Gourmet Costing,CROISSANTS,57
CROISSANTS,Outer Box,Ingredient,each,0.0125,0.041666666666666664,0.0005208333333333333,Gourmet Costing,CROISSANTS,58
CROISSANTS,Foilene Sheets,Ingredient,each,0.00014000000000000001,3.0,0.00042000000000000007,Gourmet Costing,CROISSANTS,59
CROISSANTS,Label,Ingredient,each,0.00032,0.041666666666666664,1.3333333333333333e-05,Gourmet Costing,CROISSANTS,60
CROISSANTS,120gr,Ingredient,each,2.3,2.6641705555555553,6.127592277777777,Gourmet Costing,CROISSANTS,63
BROWNIE,Chicken Bites,Ingredient,gram,0,0,34.95,Gourmet Costing,PERI-PERI SAUCE,5
BROWNIE,CHOCOLATE,Ingredient,kg,95.0,0.6,57.0,Gourmet Costing,PERI-PERI SAUCE,6
BROWNIE,BUTTER,Ingredient,kg,0.066,300.0,19.8,Gourmet Costing,PERI-PERI SAUCE,8
BROWNIE,COCOA,Ingredient,kg,0.011,300.0,3.3,Gourmet Costing,PERI-PERI SAUCE,9
BROWNIE,PLAIN FLOWER,Ingredient,lt,0.034999999999999996,370.0,12.95,Gourmet Costing,PERI-PERI SAUCE,10
BROWNIE,BAKING POWDER,Ingredient,lt,0.03678,300.0,11.034,Gourmet Costing,PERI-PERI SAUCE,11
BROWNIE,CASTOR SUGAR,Ingredient,lt,0.07626000000000001,500.0,38.13,Gourmet Costing,PERI-PERI SAUCE,12
BROWNIE,EGGS,Ingredient,kg,0.020399999999999998,60.0,1.224,Gourmet Costing,PERI-PERI SAUCE,13
BROWNIE,CONDIMENTS,Ingredient,kg,0.09754000000000002,180.0,17.5572,Gourmet Costing,PERI-PERI SAUCE,14
BROWNIE,Burger 60g,Ingredient,gram,0.05998,60.0,3.5987999999999998,Gourmet Costing,PERI-PERI SAUCE,36
BROWNIE,Tomato Braai Relish,Ingredient,gram,0.026869999999999998,10.0,0.2687,Gourmet Costing,PERI-PERI SAUCE,37
BROWNIE,Cheese Sauce,Ingredient,gram,0.10608999999999999,10.0,1.0609,Gourmet Costing,PERI-PERI SAUCE,38
BROWNIE,Pastry (20 x 13),Ingredient,gram,0.01236,115.0,1.4214,Gourmet Costing,PERI-PERI SAUCE,39
BROWNIE,Sunset Glaze,Ingredient,gram,0.07492000000000001,2.5,0.18730000000000002,Gourmet Costing,PERI-PERI SAUCE,40
BROWNIE,Outer Box,Ingredient,each,0.0125,0.041666666666666664,0.0005208333333333333,Gourmet Costing,PERI-PERI SAUCE,41
BROWNIE,Foilene Sheets,Ingredient,each,0.00014000000000000001,3.0,0.00042000000000000007,Gourmet Costing,PERI-PERI SAUCE,42
BROWNIE,Label,Ingredient,each,0.00032,0.041666666666666664,1.3333333333333333e-05,Gourmet Costing,PERI-PERI SAUCE,43
BROWNIE,Spice - Steak & Kidney,Ingredient,gram,0.06198,6.0,0.37188,Gourmet Costing,PERI-PERI SAUCE,50
BROWNIE,Metro FQ Beef Goulash,Ingredient,gram,0.08598000000000001,34.0,2.9233200000000004,Gourmet Costing,PERI-PERI SAUCE,51
BROWNIE,Liquid - Water,Ingredient,gram,0.0,40.0,0,Gourmet Costing,PERI-PERI SAUCE,52
BROWNIE,Pastry (20 x 13),Ingredient,gram,0.01236,115.0,1.4214,Gourmet Costing,PERI-PERI SAUCE,53
BROWNIE,Cornflour,Ingredient,gram,0.0140868,4.0,0.0563472,Gourmet Costing,PERI-PERI SAUCE,54
BROWNIE,Sunset Glaze,Ingredient,gram,0.07492000000000001,2.5,0.18730000000000002,Gourmet Costing,PERI-PERI SAUCE,55
BROWNIE,Outer Box,Ingredient,each,0.0125,0.041666666666666664,0.0005208333333333333,Gourmet Costing,PERI-PERI SAUCE,56
BROWNIE,Foilene Sheets,Ingredient,each,0.00014000000000000001,3.0,0.00042000000000000007,Gourmet Costing,PERI-PERI SAUCE,57
BROWNIE,Label,Ingredient,each,0.00032,0.041666666666666664,1.3333333333333333e-05,Gourmet Costing,PERI-PERI SAUCE,58
BROWNIE,120gr,Ingredient,each,2.3,23.128699999999995,53.19600999999999,Gourmet Costing,PERI-PERI SAUCE,61
SAVOURY MUFFINS,Chicken Bites,Ingredient,gram,0,0,34.95,Gourmet Costing,SAVOURY MUFFINS,5
SAVOURY MUFFINS,SELFRAISING FLOUR,Ingredient,kg,0.019379999999999998,1000.0,19.38,Gourmet Costing,SAVOURY MUFFINS,6
SAVOURY MUFFINS,EGGS,Ingredient,kg,0.00229,10000.0,22.9,Gourmet Costing,SAVOURY MUFFINS,8
SAVOURY MUFFINS,OIL,Ingredient,lt,0.03495000000000001,100.0,3.4950000000000006,Gourmet Costing,SAVOURY MUFFINS,9
SAVOURY MUFFINS,MILK,Ingredient,lt,0.024332999999999997,600.0,14.599799999999998,Gourmet Costing,SAVOURY MUFFINS,10
SAVOURY MUFFINS,SALT,Ingredient,kg,0.0077,20.0,0.154,Gourmet Costing,SAVOURY MUFFINS,11
SAVOURY MUFFINS,MIXED HERB,Ingredient,kg,0.04764,10.0,0.4764,Gourmet Costing,SAVOURY MUFFINS,12
SAVOURY MUFFINS,REP PEPPERS,Ingredient,kg,0.08998999999999999,150.0,13.498499999999998,Gourmet Costing,SAVOURY MUFFINS,13
SAVOURY MUFFINS,GREEN PEPPERS,Ingredient,kg,0.059000000000000004,200.0,11.8,Gourmet Costing,SAVOURY MUFFINS,14
SAVOURY MUFFINS,YELLOW PEPPERS,Ingredient,kg,0.08998999999999999,150.0,13.498499999999998,Gourmet Costing,SAVOURY MUFFINS,15
SAVOURY MUFFINS,DRIED LEMON,Ingredient,gram,0.0,0.002,0,Gourmet Costing,SAVOURY MUFFINS,16
SAVOURY MUFFINS,BOTTLE,Ingredient,gram,0.0,22.0,0,Gourmet Costing,SAVOURY MUFFINS,17
SAVOURY MUFFINS,RED ONIONS,Ingredient,kg,0.02499,200.0,4.997999999999999,Gourmet Costing,SAVOURY MUFFINS,18
SAVOURY MUFFINS,CHEDDAR CHEESE,Ingredient,kg,0.10046,200.0,20.092,Gourmet Costing,SAVOURY MUFFINS,19
SAVOURY MUFFINS,GARLIC,Ingredient,lt,0.03495,10.0,0.34950000000000003,Gourmet Costing,SAVOURY MUFFINS,21
SAVOURY MUFFINS,SPRAY AND COOK,Ingredient,each,0.045,10.0,0.45,Gourmet Costing,SAVOURY MUFFINS,22
SAVOURY MUFFINS,MUSHROOMS,Ingredient,PNT,0.02299,1.0,0.02299,Gourmet Costing,SAVOURY MUFFINS,23
SAVOURY MUFFINS,Burger 60g,Ingredient,gram,0.05998,60.0,3.5987999999999998,Gourmet Costing,SAVOURY MUFFINS,36
SAVOURY MUFFINS,Tomato Braai Relish,Ingredient,gram,0.026869999999999998,10.0,0.2687,Gourmet Costing,SAVOURY MUFFINS,37
SAVOURY MUFFINS,Cheese Sauce,Ingredient,gram,0.10608999999999999,10.0,1.0609,Gourmet Costing,SAVOURY MUFFINS,38
SAVOURY MUFFINS,Pastry (20 x 13),Ingredient,gram,0.01236,115.0,1.4214,Gourmet Costing,SAVOURY MUFFINS,39
SAVOURY MUFFINS,Sunset Glaze,Ingredient,gram,0.07492000000000001,2.5,0.18730000000000002,Gourmet Costing,SAVOURY MUFFINS,40
SAVOURY MUFFINS,Outer Box,Ingredient,each,0.0125,0.041666666666666664,0.0005208333333333333,Gourmet Costing,SAVOURY MUFFINS,41
SAVOURY MUFFINS,Foilene Sheets,Ingredient,each,0.00014000000000000001,3.0,0.00042000000000000007,Gourmet Costing,SAVOURY MUFFINS,42
SAVOURY MUFFINS,Label,Ingredient,each,0.00032,0.041666666666666664,1.3333333333333333e-05,Gourmet Costing,SAVOURY MUFFINS,43
SAVOURY MUFFINS,Spice - Steak & Kidney,Ingredient,gram,0.06198,6.0,0.37188,Gourmet Costing,SAVOURY MUFFINS,50
SAVOURY MUFFINS,Metro FQ Beef Goulash,Ingredient,gram,0.08598000000000001,34.0,2.9233200000000004,Gourmet Costing,SAVOURY MUFFINS,51
SAVOURY MUFFINS,Liquid - Water,Ingredient,gram,0.0,40.0,0,Gourmet Costing,SAVOURY MUFFINS,52
SAVOURY MUFFINS,Pastry (20 x 13),Ingredient,gram,0.01236,115.0,1.4214,Gourmet Costing,SAVOURY MUFFINS,53
SAVOURY MUFFINS,Cornflour,Ingredient,gram,0.0140868,4.0,0.0563472,Gourmet Costing,SAVOURY MUFFINS,54
SAVOURY MUFFINS,Sunset Glaze,Ingredient,gram,0.07492000000000001,2.5,0.18730000000000002,Gourmet Costing,SAVOURY MUFFINS,55
SAVOURY MUFFINS,Outer Box,Ingredient,each,0.0125,0.041666666666666664,0.0005208333333333333,Gourmet Costing,SAVOURY MUFFINS,56
SAVOURY MUFFINS,Foilene Sheets,Ingredient,each,0.00014000000000000001,3.0,0.00042000000000000007,Gourmet Costing,SAVOURY MUFFINS,57
SAVOURY MUFFINS,Label,Ingredient,each,0.00032,0.041666666666666664,1.3333333333333333e-05,Gourmet Costing,SAVOURY MUFFINS,58
SAVOURY MUFFINS,120gr,Ingredient,each,1.9166666666666667,2.4649939215686274,4.724571683006536,Gourmet Costing,SAVOURY MUFFINS,61
CHICKEN STRIPS,Chicken Bites,Ingredient,gram,0,0,34.95,Gourmet Costing,TASTI CHEF CRUMBED CHICKEN + CH,5
CHICKEN STRIPS,CHICKEN STRIPS,Ingredient,KG,79.98,0.17,13.596600000000002,Gourmet Costing,TASTI CHEF CRUMBED CHICKEN + CH,8
CHICKEN STRIPS,CONDEMENTS,Ingredient,EACH,2.5,1.0,2.5,Gourmet Costing,TASTI CHEF CRUMBED CHICKEN + CH,10
CHICKEN STRIPS,OIL,Ingredient,LT,34.95,0.015,0.52425,Gourmet Costing,TASTI CHEF CRUMBED CHICKEN + CH,11
CHICKEN STRIPS,Burger 60g,Ingredient,gram,0.05998,60.0,3.5987999999999998,Gourmet Costing,TASTI CHEF CRUMBED CHICKEN + CH,36
CHICKEN STRIPS,Tomato Braai Relish,Ingredient,gram,0.026869999999999998,10.0,0.2687,Gourmet Costing,TASTI CHEF CRUMBED CHICKEN + CH,37
CHICKEN STRIPS,Cheese Sauce,Ingredient,gram,0.10608999999999999,10.0,1.0609,Gourmet Costing,TASTI CHEF CRUMBED CHICKEN + CH,38
CHICKEN STRIPS,Pastry (20 x 13),Ingredient,gram,0.01236,115.0,1.4214,Gourmet Costing,TASTI CHEF CRUMBED CHICKEN + CH,39
CHICKEN STRIPS,Sunset Glaze,Ingredient,gram,0.07492000000000001,2.5,0.18730000000000002,Gourmet Costing,TASTI CHEF CRUMBED CHICKEN + CH,40
CHICKEN STRIPS,Outer Box,Ingredient,each,0.0125,0.041666666666666664,0.0005208333333333333,Gourmet Costing,TASTI CHEF CRUMBED CHICKEN + CH,41
CHICKEN STRIPS,Foilene Sheets,Ingredient,each,0.00014000000000000001,3.0,0.00042000000000000007,Gourmet Costing,TASTI CHEF CRUMBED CHICKEN + CH,42
CHICKEN STRIPS,Label,Ingredient,each,0.00032,0.041666666666666664,1.3333333333333333e-05,Gourmet Costing,TASTI CHEF CRUMBED CHICKEN + CH,43
CHICKEN STRIPS,Spice - Steak & Kidney,Ingredient,gram,0.06198,6.0,0.37188,Gourmet Costing,TASTI CHEF CRUMBED CHICKEN + CH,50
CHICKEN STRIPS,Metro FQ Beef Goulash,Ingredient,gram,0.08598000000000001,34.0,2.9233200000000004,Gourmet Costing,TASTI CHEF CRUMBED CHICKEN + CH,51
CHICKEN STRIPS,Liquid - Water,Ingredient,gram,0.0,40.0,0,Gourmet Costing,TASTI CHEF CRUMBED CHICKEN + CH,52
CHICKEN STRIPS,Pastry (20 x 13),Ingredient,gram,0.01236,115.0,1.4214,Gourmet Costing,TASTI CHEF CRUMBED CHICKEN + CH,53
CHICKEN STRIPS,Cornflour,Ingredient,gram,0.0140868,4.0,0.0563472,Gourmet Costing,TASTI CHEF CRUMBED CHICKEN + CH,54
CHICKEN STRIPS,Sunset Glaze,Ingredient,gram,0.07492000000000001,2.5,0.18730000000000002,Gourmet Costing,TASTI CHEF CRUMBED CHICKEN + CH,55
CHICKEN STRIPS,Outer Box,Ingredient,each,0.0125,0.041666666666666664,0.0005208333333333333,Gourmet Costing,TASTI CHEF CRUMBED CHICKEN + CH,56
CHICKEN STRIPS,Foilene Sheets,Ingredient,each,0.00014000000000000001,3.0,0.00042000000000000007,Gourmet Costing,TASTI CHEF CRUMBED CHICKEN + CH,57
CHICKEN STRIPS,Label,Ingredient,each,0.00032,0.041666666666666664,1.3333333333333333e-05,Gourmet Costing,TASTI CHEF CRUMBED CHICKEN + CH,58
CHICKEN LQ + BBQ,Chicken Bites,Ingredient,gram,0,0,34.95,Gourmet Costing,CHICKEN LQ +BBQ,5
CHICKEN LQ + BBQ,CHICKEN LQ,Ingredient,EACH,18.06,1.0,18.06,Gourmet Costing,CHICKEN LQ +BBQ,6
CHICKEN LQ + BBQ,CHIPS,Ingredient,KG,14.790000000000001,0.4,5.916,Gourmet Costing,CHICKEN LQ +BBQ,8
CHICKEN LQ + BBQ,OIL,Ingredient,LT,34.79,0.01,0.3479,Gourmet Costing,CHICKEN LQ +BBQ,9
CHICKEN LQ + BBQ,CONDIMENTS,Ingredient,EACH,2.5,1.0,2.5,Gourmet Costing,CHICKEN LQ +BBQ,10
CHICKEN LQ + BBQ,VEG SPICE,Ingredient,KG,86.0,0.005,0.43,Gourmet Costing,CHICKEN LQ +BBQ,11
CHICKEN LQ + BBQ,SALT,Ingredient,KG,7.7,0.005,0.0385,Gourmet Costing,CHICKEN LQ +BBQ,12
CHICKEN LQ + BBQ,Burger 60g,Ingredient,gram,0.05998,60.0,3.5987999999999998,Gourmet Costing,CHICKEN LQ +BBQ,36
CHICKEN LQ + BBQ,Tomato Braai Relish,Ingredient,gram,0.026869999999999998,10.0,0.2687,Gourmet Costing,CHICKEN LQ +BBQ,37
CHICKEN LQ + BBQ,Cheese Sauce,Ingredient,gram,0.10608999999999999,10.0,1.0609,Gourmet Costing,CHICKEN LQ +BBQ,38
CHICKEN LQ + BBQ,Pastry (20 x 13),Ingredient,gram,0.01236,115.0,1.4214,Gourmet Costing,CHICKEN LQ +BBQ,39
CHICKEN LQ + BBQ,Sunset Glaze,Ingredient,gram,0.07492000000000001,2.5,0.18730000000000002,Gourmet Costing,CHICKEN LQ +BBQ,40
CHICKEN LQ + BBQ,Outer Box,Ingredient,each,0.0125,0.041666666666666664,0.0005208333333333333,Gourmet Costing,CHICKEN LQ +BBQ,41
CHICKEN LQ + BBQ,Foilene Sheets,Ingredient,each,0.00014000000000000001,3.0,0.00042000000000000007,Gourmet Costing,CHICKEN LQ +BBQ,42
CHICKEN LQ + BBQ,Label,Ingredient,each,0.00032,0.041666666666666664,1.3333333333333333e-05,Gourmet Costing,CHICKEN LQ +BBQ,43
CHICKEN LQ + BBQ,Spice - Steak & Kidney,Ingredient,gram,0.06198,6.0,0.37188,Gourmet Costing,CHICKEN LQ +BBQ,50
CHICKEN LQ + BBQ,Metro FQ Beef Goulash,Ingredient,gram,0.08598000000000001,34.0,2.9233200000000004,Gourmet Costing,CHICKEN LQ +BBQ,51
CHICKEN LQ + BBQ,Liquid - Water,Ingredient,gram,0.0,40.0,0,Gourmet Costing,CHICKEN LQ +BBQ,52
CHICKEN LQ + BBQ,Pastry (20 x 13),Ingredient,gram,0.01236,115.0,1.4214,Gourmet Costing,CHICKEN LQ +BBQ,53
CHICKEN LQ + BBQ,Cornflour,Ingredient,gram,0.0140868,4.0,0.0563472,Gourmet Costing,CHICKEN LQ +BBQ,54
CHICKEN LQ + BBQ,Sunset Glaze,Ingredient,gram,0.07492000000000001,2.5,0.18730000000000002,Gourmet Costing,CHICKEN LQ +BBQ,55
CHICKEN LQ + BBQ,Outer Box,Ingredient,each,0.0125,0.041666666666666664,0.0005208333333333333,Gourmet Costing,CHICKEN LQ +BBQ,56
CHICKEN LQ + BBQ,Foilene Sheets,Ingredient,each,0.00014000000000000001,3.0,0.00042000000000000007,Gourmet Costing,CHICKEN LQ +BBQ,57
CHICKEN LQ + BBQ,Label,Ingredient,each,0.00032,0.041666666666666664,1.3333333333333333e-05,Gourmet Costing,CHICKEN LQ +BBQ,58
RUSSIAN,Chicken Bites,Ingredient,gram,0,0,34.95,Gourmet Costing,RUSSIAN,5
RUSSIAN,RUSSIAN,Ingredient,EACH,3.7,1.0,3.7,Gourmet Costing,RUSSIAN,6
RUSSIAN,CONDIMENTS,Ingredient,EACH,5.0,1.0,5.0,Gourmet Costing,RUSSIAN,10
RUSSIAN,Burger 60g,Ingredient,gram,0.05998,60.0,3.5987999999999998,Gourmet Costing,RUSSIAN,36
RUSSIAN,Tomato Braai Relish,Ingredient,gram,0.026869999999999998,10.0,0.2687,Gourmet Costing,RUSSIAN,37
RUSSIAN,Cheese Sauce,Ingredient,gram,0.10608999999999999,10.0,1.0609,Gourmet Costing,RUSSIAN,38
RUSSIAN,Pastry (20 x 13),Ingredient,gram,0.01236,115.0,1.4214,Gourmet Costing,RUSSIAN,39
RUSSIAN,Sunset Glaze,Ingredient,gram,0.07492000000000001,2.5,0.18730000000000002,Gourmet Costing,RUSSIAN,40
RUSSIAN,Outer Box,Ingredient,each,0.0125,0.041666666666666664,0.0005208333333333333,Gourmet Costing,RUSSIAN,41
RUSSIAN,Foilene Sheets,Ingredient,each,0.00014000000000000001,3.0,0.00042000000000000007,Gourmet Costing,RUSSIAN,42
RUSSIAN,Label,Ingredient,each,0.00032,0.041666666666666664,1.3333333333333333e-05,Gourmet Costing,RUSSIAN,43
RUSSIAN,Spice - Steak & Kidney,Ingredient,gram,0.06198,6.0,0.37188,Gourmet Costing,RUSSIAN,50
RUSSIAN,Metro FQ Beef Goulash,Ingredient,gram,0.08598000000000001,34.0,2.9233200000000004,Gourmet Costing,RUSSIAN,51
RUSSIAN,Liquid - Water,Ingredient,gram,0.0,40.0,0,Gourmet Costing,RUSSIAN,52
RUSSIAN,Pastry (20 x 13),Ingredient,gram,0.01236,115.0,1.4214,Gourmet Costing,RUSSIAN,53
RUSSIAN,Cornflour,Ingredient,gram,0.0140868,4.0,0.0563472,Gourmet Costing,RUSSIAN,54
RUSSIAN,Sunset Glaze,Ingredient,gram,0.07492000000000001,2.5,0.18730000000000002,Gourmet Costing,RUSSIAN,55
RUSSIAN,Outer Box,Ingredient,each,0.0125,0.041666666666666664,0.0005208333333333333,Gourmet Costing,RUSSIAN,56
RUSSIAN,Foilene Sheets,Ingredient,each,0.00014000000000000001,3.0,0.00042000000000000007,Gourmet Costing,RUSSIAN,57
RUSSIAN,Label,Ingredient,each,0.00032,0.041666666666666664,1.3333333333333333e-05,Gourmet Costing,RUSSIAN,58
CHEESE AND HAM,Chicken Bites,Ingredient,gram,0,0,34.95,Gourmet Costing,SARMIES,5
CHEESE AND HAM,CHEESE SLICE,Ingredient,EACH,3.7,1.0,3.7,Gourmet Costing,SARMIES,6
CHEESE AND HAM,HAM,Ingredient,KG,74.98,0.021,1.57458,Gourmet Costing,SARMIES,8
CHEESE AND HAM,BREAD,Ingredient,EACH,0.4,2.0,0.8,Gourmet Costing,SARMIES,9
CHEESE AND HAM,CONDIMENTS,Ingredient,EACH,5.0,1.0,5.0,Gourmet Costing,SARMIES,10
CHEESE AND HAM,Burger 60g,Ingredient,gram,0.05998,60.0,3.5987999999999998,Gourmet Costing,SARMIES,36
CHEESE AND HAM,Tomato Braai Relish,Ingredient,gram,0.026869999999999998,10.0,0.2687,Gourmet Costing,SARMIES,37
CHEESE AND HAM,Cheese Sauce,Ingredient,gram,0.10608999999999999,10.0,1.0609,Gourmet Costing,SARMIES,38
CHEESE AND HAM,Pastry (20 x 13),Ingredient,gram,0.01236,115.0,1.4214,Gourmet Costing,SARMIES,39
CHEESE AND HAM,Sunset Glaze,Ingredient,gram,0.07492000000000001,2.5,0.18730000000000002,Gourmet Costing,SARMIES,40
CHEESE AND HAM,Outer Box,Ingredient,each,0.0125,0.041666666666666664,0.0005208333333333333,Gourmet Costing,SARMIES,41
CHEESE AND HAM,Foilene Sheets,Ingredient,each,0.00014000000000000001,3.0,0.00042000000000000007,Gourmet Costing,SARMIES,42
CHEESE AND HAM,Label,Ingredient,each,0.00032,0.041666666666666664,1.3333333333333333e-05,Gourmet Costing,SARMIES,43
CHEESE AND HAM,Spice - Steak & Kidney,Ingredient,gram,0.06198,6.0,0.37188,Gourmet Costing,SARMIES,50
CHEESE AND HAM,Metro FQ Beef Goulash,Ingredient,gram,0.08598000000000001,34.0,2.9233200000000004,Gourmet Costing,SARMIES,51
CHEESE AND HAM,Liquid - Water,Ingredient,gram,0.0,40.0,0,Gourmet Costing,SARMIES,52
CHEESE AND HAM,Pastry (20 x 13),Ingredient,gram,0.01236,115.0,1.4214,Gourmet Costing,SARMIES,53
CHEESE AND HAM,Cornflour,Ingredient,gram,0.0140868,4.0,0.0563472,Gourmet Costing,SARMIES,54
CHEESE AND HAM,Sunset Glaze,Ingredient,gram,0.07492000000000001,2.5,0.18730000000000002,Gourmet Costing,SARMIES,55
CHEESE AND HAM,Outer Box,Ingredient,each,0.0125,0.041666666666666664,0.0005208333333333333,Gourmet Costing,SARMIES,56
CHEESE AND HAM,Foilene Sheets,Ingredient,each,0.00014000000000000001,3.0,0.00042000000000000007,Gourmet Costing,SARMIES,57
CHEESE AND HAM,Label,Ingredient,each,0.00032,0.041666666666666664,1.3333333333333333e-05,Gourmet Costing,SARMIES,58
